City,Cost_of_Living_Index,Rent_Index,Cost_of_Living_Plus_Rent_Index,Groceries_Index,Restaurant_Price_Index,Local_Purchasing_Power_Index,Country,Year,Alpha_2,Code
Hamilton,145.43,110.87,128.76,143.47,158.75,112.26,Bermuda,2018,BM,060
Zurich,141.25,66.14,105.03,149.86,135.76,142.7,Switzerland,2018,CH,756
Geneva,134.83,71.7,104.38,138.98,129.74,130.96,Switzerland,2018,CH,756
Basel,130.68,49.68,91.61,127.54,127.22,139.01,Switzerland,2018,CH,756
Bern,128.03,43.57,87.3,132.7,119.48,112.71,Switzerland,2018,CH,756
Lausanne,127.5,52.32,91.24,126.59,132.12,127.95,Switzerland,2018,CH,756
Reykjavik,123.78,57.25,91.7,118.15,133.19,88.95,Iceland,2018,IS,352
Stavanger,118.61,39.83,80.61,106.09,143.54,118.14,Norway,2018,NO,578
Lugano,118.24,52.91,86.73,117.74,122.3,119.86,Switzerland,2018,CH,756
Oslo,117.23,49.28,84.46,112.42,124.09,102.94,Norway,2018,NO,578
Trondheim,114.22,42.39,79.58,103.5,134.76,108.29,Norway,2018,NO,578
Bergen,112.31,40.3,77.58,101.79,119.61,99.29,Norway,2018,NO,578
Kyoto,100.33,24.58,63.8,118.44,54.59,77.92,Japan,2018,JP,392
New York,100.0,100.0,100.0,100.0,100.0,100.0,United States,2018,US,840
Nassau,99.73,40.45,71.14,85.34,104.17,58.69,Bahamas,2018,BS,044
San Francisco,97.84,115.36,106.29,107.52,91.06,92.96,United States,2018,US,840
Copenhagen,97.62,50.66,74.97,77.53,121.23,113.31,Denmark,2018,DK,208
Luxembourg,95.37,61.59,79.08,82.71,109.61,127.42,Luxembourg,2018,LU,442
Anchorage,94.99,40.12,68.53,101.18,84.55,124.92,United States,2018,US,840
Honolulu,94.15,62.82,79.04,104.69,82.86,103.08,United States,2018,US,840
Tokyo,93.81,37.07,66.45,99.67,58.93,106.42,Japan,2018,JP,392
Brooklyn,93.79,76.24,85.33,92.73,100.58,87.04,United States,2018,US,840
Paris,92.87,50.3,72.34,87.29,91.77,97.62,France,2018,FR,250
Limerick,92.73,27.71,61.37,87.15,82.93,93.93,Ireland,2018,IE,372
Rockville,92.66,64.0,78.84,87.76,74.74,130.79,United States,2018,US,840
Bloomington,92.14,33.64,63.93,112.83,75.43,96.92,United States,2018,US,840
Washington,91.94,73.3,82.95,92.74,85.0,120.62,United States,2018,US,840
Arhus,91.9,34.82,64.37,71.5,102.82,109.47,Denmark,2018,DK,208
Singapore,91.4,71.89,81.99,83.64,64.4,95.89,Singapore,2018,SG,702
Aalborg,91.17,26.81,60.13,73.79,101.14,106.35,Denmark,2018,DK,208
Stockholm,90.85,45.27,68.87,84.06,93.71,108.2,Sweden,2018,SE,752
Sydney,90.77,68.43,80.0,85.02,77.09,118.81,Australia,2018,AU,036
Montpellier,90.63,24.95,58.95,86.93,75.13,74.25,France,2018,FR,250
Tel Aviv-Yafo,90.36,51.55,71.65,76.9,97.21,101.36,Israel,2018,IL,376
Santa Rosa,90.23,58.13,74.75,92.05,78.34,106.77,United States,2018,US,840
Dublin,89.92,62.13,76.52,73.62,95.64,88.11,Ireland,2018,IE,372
Jerusalem,89.62,38.43,64.93,74.2,96.35,84.17,Israel,2018,IL,376
Linz,89.33,29.43,60.44,84.03,88.05,95.13,Austria,2018,AT,040
Arlington,89.2,61.85,76.01,88.51,82.63,120.53,United States,2018,US,840
Amsterdam,89.14,58.22,74.23,70.13,95.2,101.7,Netherlands,2018,NL,528
Bellevue,88.85,66.67,78.15,88.43,80.99,73.46,United States,2018,US,840
London,88.69,76.67,82.89,67.36,96.36,92.61,United Kingdom,2018,GB,826
Antwerp,88.2,28.06,59.19,79.12,101.67,90.18,Belgium,2018,BE,056
Hamilton,88.09,26.98,58.62,81.69,84.97,128.21,New Zealand,2018,NZ,554
Seattle,88.04,64.41,76.64,89.85,83.22,144.6,United States,2018,US,840
Berkeley,87.82,78.69,83.42,97.88,78.29,115.84,United States,2018,US,840
Helsinki,87.77,40.52,64.98,73.82,96.5,113.87,Finland,2018,FI,246
Grenoble,87.73,25.07,57.51,88.71,79.04,115.7,France,2018,FR,250
Tampere,87.2,28.89,59.08,73.89,96.76,111.28,Finland,2018,FI,246
Boston,87.05,78.72,83.03,88.99,86.2,101.35,United States,2018,US,840
Auckland,86.93,46.95,67.65,79.21,72.26,99.37,New Zealand,2018,NZ,554
Florence,86.9,31.81,60.34,76.28,87.67,66.09,Italy,2018,IT,380
Nice,86.69,31.64,60.14,78.82,98.75,107.04,France,2018,FR,250
Milton Keynes,86.28,37.34,62.68,85.31,81.71,90.17,United Kingdom,2018,GB,826
Perth,86.24,40.5,64.18,80.79,90.63,130.38,Australia,2018,AU,036
Charleston,86.19,45.99,66.8,98.41,71.87,115.41,United States,2018,US,840
Adelaide,86.02,36.56,62.17,82.05,81.67,113.86,Australia,2018,AU,036
Miami,86.01,63.2,75.01,87.37,95.81,97.81,United States,2018,US,840
Bath,85.79,37.62,62.56,78.47,83.51,117.98,United Kingdom,2018,GB,826
Reading,85.56,40.91,64.03,71.32,95.36,130.18,United Kingdom,2018,GB,826
Leuven,85.31,29.48,58.38,79.81,86.88,92.44,Belgium,2018,BE,056
Gent,85.16,26.92,57.07,72.2,94.01,96.27,Belgium,2018,BE,056
Melbourne,85.15,44.81,65.7,82.11,77.29,127.15,Australia,2018,AU,036
Oakland,85.11,79.57,82.44,88.65,81.38,97.94,United States,2018,US,840
Milan,85.1,43.65,65.11,75.56,92.27,71.94,Italy,2018,IT,380
Genoa,85.04,21.49,54.39,74.03,83.87,71.66,Italy,2018,IT,380
Darwin,84.98,46.52,66.43,82.29,91.79,118.09,Australia,2018,AU,036
Cairns,84.98,30.59,58.75,84.5,74.96,118.05,Australia,2018,AU,036
The Hague (Den Haag),84.97,35.55,61.14,70.25,89.11,106.25,Netherlands,2018,NL,528
Munich,84.78,46.46,66.3,72.97,82.46,118.19,Germany,2018,DE,276
Lyon,84.47,28.04,57.26,77.74,79.13,101.17,France,2018,FR,250
Gothenburg,84.38,30.46,58.38,77.45,91.06,112.1,Sweden,2018,SE,752
New Haven,84.13,47.53,66.48,92.86,86.18,127.41,United States,2018,US,840
Irvine,83.73,66.26,75.3,89.49,76.5,139.48,United States,2018,US,840
Brussels,83.65,35.76,60.55,72.55,96.1,104.35,Belgium,2018,BE,056
Philadelphia,83.46,48.09,66.4,82.24,79.37,116.06,United States,2018,US,840
Utrecht,83.34,40.23,62.55,68.39,97.89,105.9,Netherlands,2018,NL,528
Aberdeen,83.18,32.13,58.56,67.23,99.29,115.94,United Kingdom,2018,GB,826
Cambridge,82.96,47.33,65.78,67.22,95.67,105.39,United Kingdom,2018,GB,826
Cork,82.89,39.97,62.19,67.32,91.87,105.57,Ireland,2018,IE,372
Hobart,82.88,31.46,58.08,81.1,88.26,99.4,Australia,2018,AU,036
San Jose,82.87,81.81,82.36,85.4,83.12,134.82,United States,2018,US,840
Toulouse,82.85,24.97,54.94,77.86,82.38,113.77,France,2018,FR,250
Ramat Gan,82.84,36.93,60.7,67.32,89.36,112.25,Israel,2018,IL,376
Rotterdam,82.64,35.28,59.8,63.02,94.81,102.03,Netherlands,2018,NL,528
Tacoma,82.54,36.82,60.49,88.02,72.46,125.1,United States,2018,US,840
Dusseldorf,82.48,36.34,60.23,65.69,74.97,114.5,Germany,2018,DE,276
Los Angeles,82.3,68.75,75.77,82.73,82.48,109.01,United States,2018,US,840
Boulder,82.19,53.8,68.5,86.22,74.92,143.02,United States,2018,US,840
St. John's,82.18,22.48,53.39,86.39,79.73,98.06,United States,2018,US,840
Turku,82.18,25.55,54.87,69.79,88.89,125.14,Finland,2018,FI,246
Brisbane,82.17,43.31,63.43,75.42,81.39,130.41,Australia,2018,AU,036
Halifax,82.03,29.33,56.61,88.57,75.91,95.7,Canada,2018,CA,124
Thunder Bay,81.98,26.2,55.08,77.76,74.63,84.87,Canada,2018,CA,124
Haifa,81.81,20.68,52.33,66.6,91.38,120.61,Israel,2018,IL,376
Padova,81.77,23.89,53.85,67.49,78.91,77.42,Italy,2018,IT,380
Frankfurt,81.65,37.59,60.4,66.85,81.18,142.76,Germany,2018,DE,276
Portland,81.6,40.73,61.89,86.96,88.58,113.69,United States,2018,US,840
Minneapolis,81.46,45.65,64.19,87.48,75.88,131.08,United States,2018,US,840
Norfolk,81.36,43.59,63.14,90.06,81.31,64.42,United States,2018,US,840
Saskatoon,81.02,29.7,56.27,82.39,72.78,99.63,Canada,2018,CA,124
Canberra,80.9,45.03,63.6,77.06,79.23,139.38,Australia,2018,AU,036
Wellington,80.87,40.42,61.36,77.17,72.02,118.59,New Zealand,2018,NZ,554
Hartford,80.86,42.15,62.19,78.41,86.26,101.57,United States,2018,US,840
Queens,80.77,64.73,73.04,74.39,87.27,113.4,United States,2018,US,840
Hamburg,80.75,33.61,58.02,64.85,77.19,116.06,Germany,2018,DE,276
Parma,80.69,25.04,53.85,71.96,87.4,84.79,Italy,2018,IT,380
Maastricht,80.69,33.35,57.86,70.13,81.68,105.35,Netherlands,2018,NL,528
Graz,80.59,24.94,53.75,78.18,65.21,106.41,Austria,2018,AT,040
Christchurch,80.51,30.13,56.21,75.7,78.95,90.4,New Zealand,2018,NZ,554
Galway,80.22,34.58,58.21,70.9,81.75,100.11,Ireland,2018,IE,372
Albany,80.19,30.82,56.38,83.35,71.86,139.34,United States,2018,US,840
Chicago,80.16,56.71,68.85,79.14,77.99,119.17,United States,2018,US,840
Portsmouth,80.05,32.23,56.99,62.19,89.21,94.57,United Kingdom,2018,GB,826
Jersey City,79.91,66.0,73.2,79.5,85.95,130.99,United States,2018,US,840
Malmo,79.79,28.57,55.09,73.61,87.62,120.92,Sweden,2018,SE,752
Uppsala,79.7,28.42,54.97,70.45,87.61,119.75,Sweden,2018,SE,752
Lund,79.39,27.07,54.16,75.3,80.06,122.8,Sweden,2018,SE,752
Oxford,79.37,53.29,66.79,62.18,81.92,86.68,United Kingdom,2018,GB,826
Olympia,79.25,36.06,58.42,77.18,78.7,125.04,United States,2018,US,840
Edinburgh,79.2,34.6,57.69,69.3,89.29,104.25,United Kingdom,2018,GB,826
Barrie,79.18,28.03,54.51,79.85,76.95,127.57,Canada,2018,CA,124
Santa Barbara,79.17,71.45,75.45,76.47,87.43,134.38,United States,2018,US,840
Bologna,79.04,26.08,53.5,70.14,85.23,76.44,Italy,2018,IT,380
Eugene,78.94,31.38,56.0,91.86,69.07,109.06,United States,2018,US,840
Sliema,78.94,36.17,58.32,69.3,89.2,74.89,Malta,2018,MT,470
Burlington,78.89,41.89,61.05,82.04,79.41,101.19,United States,2018,US,840
Rome,78.8,40.24,60.2,68.34,85.32,72.78,Italy,2018,IT,380
Sacramento,78.75,43.34,61.67,80.02,74.2,135.14,United States,2018,US,840
Eindhoven,78.72,35.2,57.73,63.05,88.51,119.87,Netherlands,2018,NL,528
Hong Kong,78.72,79.54,79.12,83.47,56.17,82.86,Hong Kong,2018,HK,344
Pittsburgh,78.66,39.02,59.54,76.56,70.89,133.38,United States,2018,US,840
Vienna,78.64,35.04,57.61,73.8,73.39,98.88,Austria,2018,AT,040
Osaka,78.5,23.88,52.16,79.2,45.06,109.62,Japan,2018,JP,392
Portland,78.45,51.72,65.56,79.56,68.4,125.57,United States,2018,US,840
Saint Paul,78.37,40.38,60.05,81.15,74.68,97.64,United States,2018,US,840
Lille,78.34,24.7,52.47,65.77,74.43,89.56,France,2018,FR,250
Long Beach,78.23,54.98,67.01,82.77,76.98,127.25,United States,2018,US,840
York,77.98,29.69,54.69,68.51,85.11,110.55,United Kingdom,2018,GB,826
Trieste,77.97,21.54,50.76,72.67,80.97,90.05,Italy,2018,IT,380
Brampton,77.9,29.01,54.32,83.61,64.25,103.74,Canada,2018,CA,124
Bristol,77.83,40.01,59.59,63.13,92.62,108.18,United Kingdom,2018,GB,826
Bergamo,77.71,22.05,50.87,64.43,91.76,89.37,Italy,2018,IT,380
Fort Lauderdale,77.67,51.63,65.11,79.05,77.85,104.35,United States,2018,US,840
Everett,77.63,42.48,60.68,84.84,70.29,113.75,United States,2018,US,840
Asheville,77.36,37.85,58.31,84.94,72.18,111.73,United States,2018,US,840
Denver,77.31,54.0,66.07,77.48,79.43,130.1,United States,2018,US,840
Heidelberg,77.3,37.21,57.96,61.01,75.28,133.23,Germany,2018,DE,276
Manchester,77.15,30.87,54.83,63.07,85.92,98.91,United Kingdom,2018,GB,826
Bellingham,77.13,34.7,56.67,79.09,77.88,131.14,United States,2018,US,840
Newcastle,77.12,43.45,60.88,76.5,84.01,134.62,Australia,2018,AU,036
Melbourne,77.09,29.38,54.08,85.53,77.04,128.34,United States,2018,US,840
San Diego,77.01,61.91,69.73,75.09,82.09,142.72,United States,2018,US,840
Mannheim,76.97,27.25,52.99,61.07,73.5,156.77,Germany,2018,DE,276
Groningen,76.64,30.91,54.59,66.99,87.82,105.46,Netherlands,2018,NL,528
New Orleans,76.64,40.21,59.07,75.15,84.0,116.56,United States,2018,US,840
Orlando,76.63,37.35,57.68,82.77,69.38,129.02,United States,2018,US,840
Baltimore,76.57,45.03,61.36,73.92,80.16,116.79,United States,2018,US,840
Tampa,76.53,42.09,59.92,80.64,80.21,144.43,United States,2018,US,840
West Palm Beach,76.52,43.11,60.41,79.59,78.92,124.36,United States,2018,US,840
Calgary,76.44,31.37,54.7,72.97,75.23,146.39,Canada,2018,CA,124
Brighton,76.4,44.89,61.21,58.61,86.71,83.51,United Kingdom,2018,GB,826
Red Deer,76.15,25.51,51.73,69.85,74.21,136.55,Canada,2018,CA,124
Edmonton,76.01,31.61,54.6,74.26,73.66,131.93,Canada,2018,CA,124
Nottingham,75.98,24.8,51.3,65.92,75.29,107.61,United Kingdom,2018,GB,826
Karlsruhe,75.8,23.89,50.76,57.26,80.6,136.82,Germany,2018,DE,276
Coventry,75.72,26.45,51.96,64.04,71.27,133.86,United Kingdom,2018,GB,826
Vancouver,75.59,53.5,64.94,78.26,70.12,96.77,Canada,2018,CA,124
Victoria,75.47,40.0,58.36,79.13,70.56,112.52,Canada,2018,CA,124
Colorado Springs,75.42,31.21,54.1,72.93,76.48,150.89,United States,2018,US,840
Norwich,75.4,25.34,51.26,58.53,81.1,89.95,United Kingdom,2018,GB,826
Charlotte,75.35,40.62,58.6,79.4,73.87,112.72,United States,2018,US,840
Plano,75.32,40.02,58.3,73.93,63.49,101.69,United States,2018,US,840
Toronto,75.22,46.94,61.58,70.65,71.58,106.83,Canada,2018,CA,124
Atlanta,74.97,45.83,60.92,75.0,74.81,153.77,United States,2018,US,840
Turin,74.94,23.25,50.01,61.62,76.26,85.62,Italy,2018,IT,380
Leeds,74.92,30.31,53.41,61.69,91.99,109.59,United Kingdom,2018,GB,826
Fayetteville,74.9,24.85,50.76,81.39,69.15,104.92,United States,2018,US,840
Gold Coast,74.89,38.76,57.46,74.88,72.35,124.98,Australia,2018,AU,036
Kelowna,74.78,34.84,55.52,77.54,68.9,109.75,Canada,2018,CA,124
Indianapolis,74.72,35.67,55.89,73.92,74.26,94.22,United States,2018,US,840
Birmingham,74.64,31.36,53.77,76.12,74.13,134.55,United States,2018,US,840
Stuttgart,74.53,34.86,55.4,55.57,72.07,134.02,Germany,2018,DE,276
Berlin,74.32,33.54,54.65,60.74,65.57,114.09,Germany,2018,DE,276
Burlington,74.32,34.2,54.97,68.68,82.63,137.47,Canada,2018,CA,124
Sheffield,74.31,25.05,50.55,56.87,84.47,110.96,United Kingdom,2018,GB,826
Glasgow,74.3,28.12,52.03,61.85,79.52,124.11,United Kingdom,2018,GB,826
Augusta,74.29,22.45,49.29,82.42,62.66,100.38,United States,2018,US,840
Greensboro,74.1,26.05,50.93,80.28,62.04,141.87,United States,2018,US,840
Greenville,74.08,36.03,55.73,83.74,67.18,127.49,United States,2018,US,840
Palma De Mallorca,74.08,24.4,50.12,62.9,71.61,80.26,Spain,2018,ES,724
Cologne,74.02,29.75,52.67,55.97,73.95,131.06,Germany,2018,DE,276
Bonn,73.61,29.24,52.21,55.0,70.68,118.12,Germany,2018,DE,276
Jacksonville,73.58,32.27,53.66,77.14,73.25,117.13,United States,2018,US,840
Fort Collins,73.57,42.07,58.38,81.45,61.31,73.23,United States,2018,US,840
Cleveland,73.47,28.35,51.71,67.52,74.7,146.27,United States,2018,US,840
Bremen,73.41,22.22,48.72,59.15,70.25,131.14,Germany,2018,DE,276
Milwaukee,73.37,35.5,55.11,71.9,71.59,139.23,United States,2018,US,840
Bilbao,73.3,30.28,52.55,65.27,75.33,92.96,Spain,2018,ES,724
Saint Petersburg,73.29,41.01,57.72,72.82,75.33,145.31,United States,2018,US,840
Exeter,73.17,31.86,53.24,58.28,82.78,86.66,United Kingdom,2018,GB,826
Memphis,72.95,27.52,51.04,73.96,70.71,154.91,United States,2018,US,840
Guelph,72.93,28.86,51.68,68.86,80.08,114.41,Canada,2018,CA,124
Syracuse,72.88,30.77,52.57,72.26,67.76,103.63,United States,2018,US,840
Waterloo,72.86,29.64,52.01,70.36,70.2,120.38,Canada,2018,CA,124
Regina,72.85,28.93,51.67,73.25,66.3,109.12,Canada,2018,CA,124
Newark,72.68,40.31,57.07,66.47,77.87,94.1,United States,2018,US,840
Akron,72.65,21.57,48.02,77.33,63.79,99.21,United States,2018,US,840
Dubai,72.58,66.88,69.83,61.71,67.23,123.71,United Arab Emirates,2018,AE,784
Nuremberg,72.57,25.08,49.67,55.83,71.58,127.52,Germany,2018,DE,276
Mississauga,72.54,36.65,55.23,68.46,67.15,106.67,Canada,2018,CA,124
Austin,72.46,49.8,61.53,73.02,75.56,140.39,United States,2018,US,840
Leipzig,72.4,20.19,47.22,54.51,64.82,91.69,Germany,2018,DE,276
Fresno,72.36,30.94,52.38,72.51,75.89,110.71,United States,2018,US,840
Buffalo,72.15,28.94,51.31,69.14,72.72,120.23,United States,2018,US,840
Shreveport,72.07,25.24,49.48,78.42,64.04,76.03,United States,2018,US,840
Windsor,72.0,21.38,47.59,63.4,67.16,118.85,Canada,2018,CA,124
Nanaimo,71.9,25.11,49.33,78.03,63.87,99.07,United States,2018,US,840
Nashville,71.88,47.73,60.23,74.28,69.38,125.4,United States,2018,US,840
Aachen,71.81,24.48,48.99,57.78,64.67,128.79,Germany,2018,DE,276
Moncton,71.79,18.63,46.15,70.92,66.98,88.06,Canada,2018,CA,124
Birmingham,71.6,29.57,51.33,57.06,79.83,106.25,United Kingdom,2018,GB,826
Cardiff,71.52,28.32,50.69,65.68,72.66,109.78,United Kingdom,2018,GB,826
Southampton,71.48,33.09,52.97,58.97,76.0,116.26,United Kingdom,2018,GB,826
Manchester,71.46,33.61,53.2,76.26,72.86,124.75,United States,2018,US,840
Raleigh,71.4,37.42,55.02,78.32,70.58,131.99,United States,2018,US,840
Little Rock,71.29,24.83,48.89,77.24,64.98,132.31,United States,2018,US,840
Dresden,71.22,22.95,47.94,56.07,59.77,105.93,Germany,2018,DE,276
Winnipeg,71.22,24.91,48.89,69.49,67.33,114.61,Canada,2018,CA,124
Quebec City,71.21,17.97,45.53,71.69,65.29,118.31,Canada,2018,CA,124
Naples,71.14,19.85,46.41,66.45,63.1,59.99,Italy,2018,IT,380
Richmond,70.98,36.18,54.2,77.66,65.74,133.08,United States,2018,US,840
Las Vegas,70.97,29.98,51.2,66.54,74.53,148.81,United States,2018,US,840
Saint Louis,70.76,30.11,51.15,71.33,68.14,144.7,United States,2018,US,840
Grand Rapids,70.58,32.95,52.43,69.69,70.77,143.87,United States,2018,US,840
Rochester,70.52,30.31,51.13,72.96,74.66,158.71,United States,2018,US,840
Houston,70.37,44.1,57.7,71.01,71.15,145.38,United States,2018,US,840
Detroit,70.2,35.48,53.45,67.02,59.3,131.62,United States,2018,US,840
Darmstadt,70.17,30.69,51.13,53.91,66.6,145.86,Germany,2018,DE,276
Ann Arbor,70.01,45.26,58.07,69.31,62.97,163.57,United States,2018,US,840
Ottawa,69.91,31.76,51.51,64.16,71.95,145.32,Canada,2018,CA,124
Harrisburg,69.91,27.78,49.59,72.58,66.41,140.56,United States,2018,US,840
Newcastle Upon Tyne,69.91,25.69,48.58,54.05,78.46,127.4,United Kingdom,2018,GB,826
Salem,69.81,32.0,51.58,70.61,68.39,106.58,United States,2018,US,840
Dayton,69.76,21.96,46.71,73.53,62.38,114.2,United States,2018,US,840
Barcelona,69.75,33.71,52.37,59.29,65.07,77.27,Spain,2018,ES,724
Columbia,69.7,29.48,50.3,75.37,65.65,92.47,United States,2018,US,840
Marseille,69.66,23.92,47.6,61.91,69.58,104.22,France,2018,FR,250
Liverpool,69.53,24.96,48.04,52.24,78.55,116.18,United Kingdom,2018,GB,826
Hanover,69.47,22.04,46.59,58.88,64.04,160.86,Germany,2018,DE,276
Fort Wayne,69.42,21.43,46.28,74.49,69.24,129.87,United States,2018,US,840
London,69.39,24.58,47.78,65.97,66.17,105.79,Canada,2018,CA,124
Des Moines,69.37,31.23,50.97,73.45,63.64,125.85,United States,2018,US,840
Virginia Beach,69.33,37.42,53.94,68.92,71.08,151.73,United States,2018,US,840
Spokane,69.26,26.97,48.86,70.06,64.46,135.55,United States,2018,US,840
Bakersfield,69.2,29.09,49.86,71.91,64.38,120.54,United States,2018,US,840
Montreal,69.18,26.68,48.69,68.65,67.17,120.29,Canada,2018,CA,124
Gatineau,69.17,19.72,45.32,69.98,64.66,142.51,Canada,2018,CA,124
Columbus,69.13,35.51,52.92,66.96,62.16,125.47,United States,2018,US,840
Cincinnati,69.13,31.11,50.79,61.6,70.4,136.92,United States,2018,US,840
Kansas City,69.05,29.33,49.89,68.17,63.04,135.76,United States,2018,US,840
Belfast,68.77,23.7,47.04,61.07,79.19,103.27,United Kingdom,2018,GB,826
San Juan,68.77,26.09,48.18,66.18,57.67,116.19,Puerto Rico,2018,PR,630
Derby,68.68,21.48,45.92,58.52,71.55,110.83,United Kingdom,2018,GB,826
Lincoln,68.61,28.38,49.21,71.56,62.02,124.13,United States,2018,US,840
Malta,68.44,26.6,48.26,54.11,69.0,72.13,Malta,2018,MT,470
Fort Myers,68.06,31.9,50.62,71.88,62.43,86.87,United States,2018,US,840
Lexington,67.9,25.51,47.45,69.03,62.48,130.77,United States,2018,US,840
Fort Worth,67.81,35.29,52.12,66.57,65.5,142.22,United States,2018,US,840
Omaha,67.8,30.43,49.78,69.41,62.64,134.51,United States,2018,US,840
Vancouver,67.79,34.12,51.55,61.12,67.28,127.95,United States,2018,US,840
Madrid,67.63,33.41,51.13,56.59,70.41,96.36,Spain,2018,ES,724
Surrey,67.37,33.36,50.97,65.23,61.6,93.78,Canada,2018,CA,124
Montevideo,67.18,21.14,44.97,54.33,70.89,35.71,Uruguay,2018,UY,858
Wichita,67.02,24.63,46.58,67.02,68.1,118.39,United States,2018,US,840
Lubbock,66.9,24.63,46.52,61.64,68.94,133.25,United States,2018,US,840
Chattanooga,66.89,27.77,48.02,67.8,62.68,145.27,United States,2018,US,840
Phoenix,66.87,33.32,50.69,62.4,71.42,139.29,United States,2018,US,840
Sioux Falls,66.85,25.7,47.0,69.13,56.18,168.93,United States,2018,US,840
Salt Lake City,66.76,34.91,51.4,64.48,68.75,148.6,United States,2018,US,840
Tulsa,66.71,28.61,48.34,67.6,62.03,123.2,United States,2018,US,840
Durham,66.44,35.54,51.54,64.75,67.79,146.95,United States,2018,US,840
Springfield,66.4,18.79,43.44,73.6,63.28,77.68,United States,2018,US,840
Winston-salem,66.27,24.96,46.34,71.92,69.63,117.44,United States,2018,US,840
Nicosia,66.23,17.22,42.59,53.67,78.46,90.59,Cyprus,2018,CY,196
Doha,66.12,66.84,66.46,57.95,65.81,120.86,Qatar,2018,QA,634
Dallas,65.94,42.64,54.7,61.95,67.11,162.37,United States,2018,US,840
Albuquerque,65.73,25.5,46.33,68.04,64.58,123.57,United States,2018,US,840
Arlington,65.63,30.04,48.47,62.02,63.87,152.9,United States,2018,US,840
Madison,65.6,36.95,51.78,62.5,66.34,144.83,United States,2018,US,840
Ljubljana,65.47,20.62,43.84,54.76,57.7,74.7,Slovenia,2018,SI,705
Zaragoza (Saragossa),65.4,15.21,41.2,54.76,60.66,77.87,Spain,2018,ES,724
Mobile,65.31,24.63,45.69,67.4,64.09,122.2,United States,2018,US,840
Hamilton,65.26,27.6,47.1,60.77,65.83,122.71,Canada,2018,CA,124
Louisville,65.14,28.33,47.39,65.76,65.91,127.21,United States,2018,US,840
Beirut,65.03,34.98,50.54,47.46,66.58,52.68,Lebanon,2018,LB,422
Abu Dhabi,64.97,64.25,64.62,54.3,65.93,131.24,United Arab Emirates,2018,AE,784
Thessaloniki,64.94,11.57,39.2,52.32,61.77,48.72,Greece,2018,GR,300
Pensacola,64.88,28.72,47.44,62.12,64.75,128.73,United States,2018,US,840
Athens,64.67,13.97,40.22,51.34,64.82,52.86,Greece,2018,GR,300
Oklahoma City,64.29,26.54,46.09,66.52,58.15,142.4,United States,2018,US,840
Kitchener,63.9,27.36,46.28,58.85,59.89,124.25,Canada,2018,CA,124
Limassol,63.52,24.22,44.57,52.24,66.53,93.12,Cyprus,2018,CY,196
Huntsville,63.34,27.45,46.03,64.13,63.83,152.26,United States,2018,US,840
Tucson,63.0,23.8,44.1,61.12,63.64,138.07,United States,2018,US,840
Reno,62.88,35.99,49.92,58.04,64.1,136.4,United States,2018,US,840
Havana,62.74,12.01,38.27,41.43,28.23,1.88,Cuba,2018,CU,192
Boise,62.65,28.91,46.37,58.7,65.39,130.86,United States,2018,US,840
Knoxville,62.18,29.77,46.55,60.36,64.67,128.69,United States,2018,US,840
Accra,61.93,32.3,47.64,60.07,40.1,14.07,Ghana,2018,GH,288
College Station,61.85,32.7,47.79,68.95,57.12,118.7,United States,2018,US,840
Martin,61.04,20.8,41.63,56.66,51.89,44.36,Slovakia,2018,SK,703
San Antonio,60.92,34.5,48.18,58.17,60.96,154.92,United States,2018,US,840
Athens,60.55,26.67,44.21,57.85,59.58,110.52,United States,2018,US,840
Tallinn,60.51,17.66,39.84,45.31,61.04,74.02,Estonia,2018,EE,233
San Jose,60.46,19.28,40.6,60.98,49.47,48.89,Costa Rica,2018,CR,188
Valencia,60.33,20.61,41.17,50.92,56.84,90.71,Spain,2018,ES,724
Sevilla,60.16,21.15,41.35,52.11,58.14,81.43,Spain,2018,ES,724
Larnaca,59.97,11.36,36.53,49.72,66.8,83.19,Cyprus,2018,CY,196
Sharjah,59.38,29.86,45.15,50.37,43.99,123.32,United Arab Emirates,2018,AE,784
Split,59.05,13.74,37.2,50.46,55.16,53.22,Croatia,2018,HR,191
Manama,59.0,30.65,45.33,57.63,54.83,67.56,Bahrain,2018,BH,048
Rijeka,58.54,12.29,36.24,49.63,46.7,51.41,Croatia,2018,HR,191
Amman,58.47,14.58,37.3,49.55,55.56,41.83,Jordan,2018,JO,400
Zagreb,58.0,15.39,37.45,49.52,46.65,64.19,Croatia,2018,HR,191
Lisbon,57.69,29.33,44.01,47.02,50.14,58.48,Portugal,2018,PT,620
Patras,57.35,9.41,34.23,46.44,53.51,64.63,Greece,2018,GR,300
Panama City,57.23,32.46,45.29,56.48,52.95,38.24,Panama,2018,PA,591
Malaga,57.23,21.19,39.85,48.93,55.28,94.71,Spain,2018,ES,724
Campinas,57.21,14.1,36.42,43.15,48.2,59.53,Brazil,2018,BR,076
Rio De Janeiro,57.14,21.61,40.0,42.19,48.58,39.15,Brazil,2018,BR,076
Funchal,57.0,17.91,38.15,47.03,44.3,52.72,Portugal,2018,PT,620
Santiago,56.85,17.85,38.04,48.15,55.32,50.65,Chile,2018,CL,152
Sao Paulo,56.83,21.02,39.56,43.58,48.59,40.03,Brazil,2018,BR,076
Shanghai,56.16,41.95,49.3,61.7,40.74,66.16,China,2018,CN,156
Buenos Aires,56.05,15.58,36.53,48.19,56.51,60.03,Argentina,2018,AR,032
Bangkok,55.79,26.21,41.52,62.4,27.99,44.94,Thailand,2018,TH,764
Makati,55.54,26.91,41.73,59.97,28.91,46.37,Philippines,2018,PH,608
Tartu,55.49,14.44,35.69,42.41,55.7,75.23,Estonia,2018,EE,233
Porto,54.92,20.87,38.5,45.79,44.12,63.31,Portugal,2018,PT,620
Riga,54.87,15.23,35.75,42.56,51.15,53.77,Latvia,2018,LV,428
Coimbra,54.5,14.58,35.25,46.39,42.38,75.56,Portugal,2018,PT,620
Granada,54.47,14.9,35.39,44.63,51.02,94.61,Spain,2018,ES,724
Vilnius,54.26,17.9,36.72,42.58,49.97,56.97,Lithuania,2018,LT,440
Porto Alegre,53.88,14.79,35.03,42.32,42.19,46.35,Brazil,2018,BR,076
Brasilia,53.84,16.73,35.94,44.65,47.74,49.33,Brazil,2018,BR,076
Bratislava,53.64,22.87,38.8,46.54,44.37,72.75,Slovakia,2018,SK,703
Santa Cruz De Tenerife,53.34,18.05,36.32,44.56,53.88,93.75,Spain,2018,ES,724
Pretoria,53.19,15.59,35.06,43.22,47.05,108.14,South Africa,2018,ZA,710
Phuket,53.17,14.65,34.59,57.38,27.69,55.31,Thailand,2018,TH,764
Las Palmas,52.71,20.09,36.98,44.95,51.06,84.11,Spain,2018,ES,724
Kaunas,52.56,12.38,33.19,41.09,45.84,57.97,Lithuania,2018,LT,440
Recife,52.22,12.23,32.93,41.22,41.58,39.68,Brazil,2018,BR,076
Klaipeda,52.09,11.61,32.57,43.52,46.6,58.53,Lithuania,2018,LT,440
Fortaleza,52.0,9.81,31.65,43.69,38.32,30.52,Brazil,2018,BR,076
Windhoek,51.84,23.11,37.98,47.76,43.74,55.51,Namibia,2018,NA,516
Braga,51.43,12.28,32.55,42.67,36.9,71.62,Portugal,2018,PT,620
Kosice,51.36,16.16,34.38,44.97,33.36,61.62,Slovakia,2018,SK,703
Muscat,51.2,25.41,38.76,46.81,51.63,103.55,Oman,2018,OM,512
Budapest,51.0,18.08,35.12,40.71,40.43,55.54,Hungary,2018,HU,348
Jeddah (Jiddah),51.0,14.41,33.35,43.21,34.15,113.18,Saudi Arabia,2018,SA,682
Johor Bahru,50.98,11.96,32.16,63.42,25.08,42.93,Malaysia,2018,MY,458
Harare,50.74,14.24,33.14,45.45,36.15,26.86,Zimbabwe,2018,ZW,716
Belo Horizonte,50.41,12.56,32.15,37.82,41.12,35.32,Brazil,2018,BR,076
Florianopolis,50.4,15.08,33.37,39.36,42.08,39.69,Brazil,2018,BR,076
Addis Ababa,50.3,24.39,37.8,43.58,22.5,13.57,Ethiopia,2018,ET,231
San Salvador,50.29,12.78,32.2,51.28,37.29,28.62,El Salvador,2018,SV,222
Al Khobar,50.18,15.67,33.53,44.86,33.74,124.32,Saudi Arabia,2018,SA,682
Johannesburg,50.02,22.45,36.72,41.72,49.92,125.99,South Africa,2018,ZA,710
Petaling Jaya,49.8,12.34,31.73,58.94,23.68,68.75,Malaysia,2018,MY,458
Shenzhen,49.65,25.37,37.94,53.67,31.34,83.96,China,2018,CN,156
Penang,49.5,10.67,30.78,56.99,26.28,68.42,Malaysia,2018,MY,458
Guayaquil,49.49,13.57,32.17,44.21,36.59,36.14,Ecuador,2018,EC,218
Curitiba,49.43,12.63,31.68,37.0,41.47,46.26,Brazil,2018,BR,076
Phnom Penh,49.24,17.42,33.89,53.68,24.62,26.41,Cambodia,2018,KH,116
Santo Domingo,49.1,12.49,31.44,42.25,46.38,28.77,Dominican Republic,2018,DO,214
Irbil,49.08,13.91,32.12,41.62,43.07,49.2,Iraq,2018,IQ,368
Osijek,49.04,8.14,29.32,40.85,36.36,58.44,Croatia,2018,HR,191
Gdansk,49.01,17.8,33.96,36.86,40.96,72.77,Poland,2018,PL,616
Ad Dammam,48.87,12.68,31.41,42.33,32.19,141.35,Saudi Arabia,2018,SA,682
Quito,48.84,14.05,32.06,47.67,36.41,34.37,Ecuador,2018,EC,218
Warsaw,48.31,22.5,35.86,38.53,42.2,77.31,Poland,2018,PL,616
Riyadh,48.21,16.46,32.9,41.46,35.41,129.2,Saudi Arabia,2018,SA,682
Chiang Mai,47.92,12.1,30.65,60.54,22.68,31.68,Thailand,2018,TH,764
Gdynia,47.86,14.6,31.82,38.15,43.91,72.98,Poland,2018,PL,616
Kota Kinabalu,47.75,10.48,29.78,56.27,23.67,37.17,Malaysia,2018,MY,458
Cape Town,47.55,28.98,38.59,40.96,45.21,94.27,South Africa,2018,ZA,710
Pattaya,47.24,18.59,33.42,50.38,29.61,29.96,Thailand,2018,TH,764
Port Elizabeth,47.09,13.95,31.11,40.21,41.53,64.08,South Africa,2018,ZA,710
Guatemala City,46.97,15.52,31.8,43.64,37.17,41.41,Guatemala,2018,GT,320
Kuching,46.79,6.86,27.53,52.35,20.02,41.76,Malaysia,2018,MY,458
Jakarta,46.47,19.34,33.39,49.49,26.34,34.8,Indonesia,2018,ID,360
Durban,46.3,15.74,31.56,39.21,43.53,96.43,South Africa,2018,ZA,710
Kuala Lumpur,46.28,17.96,32.62,47.17,27.39,80.73,Malaysia,2018,MY,458
Wroclaw,46.27,19.64,33.43,38.06,39.12,74.19,Poland,2018,PL,616
Beijing,46.09,33.51,40.02,44.92,35.14,76.61,China,2018,CN,156
Baghdad,46.05,14.76,30.96,40.35,42.03,52.05,Iraq,2018,IQ,368
Selangor,46.04,11.34,29.31,50.35,23.26,88.61,Malaysia,2018,MY,458
Krakow (Cracow),45.79,18.18,32.48,36.66,38.32,73.59,Poland,2018,PL,616
Maputo,45.29,18.58,32.41,36.64,41.88,33.15,Mozambique,2018,MZ,508
Poznan,45.27,15.45,30.89,37.57,37.54,74.63,Poland,2018,PL,616
Debrecen,44.92,10.34,28.24,37.81,33.04,48.52,Hungary,2018,HU,348
Bydgoszcz,44.91,15.1,30.53,35.24,37.73,66.01,Poland,2018,PL,616
Istanbul,44.73,14.35,30.08,39.35,33.0,54.57,Turkey,2018,TR,792
Podgorica,44.68,11.1,28.48,35.64,37.75,51.8,Montenegro,2018,ME,499
Szczecin,44.61,12.73,29.23,35.91,34.7,60.33,Poland,2018,PL,616
Bucharest,44.38,14.0,29.73,36.6,40.58,58.75,Romania,2018,RO,642
Belgrade,43.99,12.28,28.7,32.31,38.34,40.25,Serbia,2018,RS,688
Lima,43.92,17.91,31.38,39.88,31.53,39.55,Peru,2018,PE,604
Bali,43.73,8.12,26.56,49.07,25.29,29.2,Indonesia,2018,ID,360
Lodz,43.68,12.79,28.78,34.02,36.68,70.09,Poland,2018,PL,616
Guangzhou,43.5,20.93,32.61,44.04,27.37,79.47,China,2018,CN,156
Sofia,43.11,12.96,28.57,37.06,34.44,60.66,Bulgaria,2018,BG,100
Sarajevo,42.5,10.13,26.89,35.37,31.5,48.89,Bosnia and Herzegovina,2018,BA,070
Manila,42.4,19.94,31.57,38.19,29.13,43.04,Philippines,2018,PH,608
Lublin,42.33,18.04,30.62,34.52,34.11,57.02,Poland,2018,PL,616
Katowice,42.28,12.37,27.86,34.17,32.56,81.77,Poland,2018,PL,616
Varna,42.26,8.71,26.08,37.66,34.85,48.43,Bulgaria,2018,BG,100
Nairobi,42.06,12.27,27.7,40.4,34.31,27.87,Kenya,2018,KE,404
Cebu,41.81,11.84,27.36,43.31,24.71,26.16,Philippines,2018,PH,608
Timisoara,41.62,10.78,26.75,34.26,36.97,59.09,Romania,2018,RO,642
Rabat,41.62,13.47,28.04,37.31,27.57,45.29,Morocco,2018,MA,504
Ankara,41.21,7.95,25.17,36.71,31.39,56.89,Turkey,2018,TR,792
Izmir,40.97,8.86,25.48,37.48,29.22,54.57,Turkey,2018,TR,792
Burgas,40.81,7.29,24.65,35.83,33.58,50.53,Bulgaria,2018,BG,100
Cluj-Napoca,40.51,13.6,27.54,34.7,33.06,59.81,Romania,2018,RO,642
Plovdiv,40.29,7.65,24.55,35.49,33.1,54.98,Bulgaria,2018,BG,100
Bursa,40.26,6.73,24.09,34.46,27.63,55.63,Turkey,2018,TR,792
Yogyakarta,40.01,6.09,23.65,45.78,14.56,30.25,Indonesia,2018,ID,360
Banja Luka,39.85,7.77,24.38,32.73,28.97,51.24,Bosnia and Herzegovina,2018,BA,070
Iasi,39.81,10.55,25.7,33.52,34.64,51.29,Romania,2018,RO,642
Suzhou,39.57,17.11,28.74,39.63,31.65,91.87,China,2018,CN,156
Sibiu,39.5,8.46,24.53,32.76,33.38,54.27,Romania,2018,RO,642
Tirana,39.33,9.96,25.17,31.79,32.05,38.05,Albania,2018,AL,008
Chengdu,39.26,12.73,26.47,38.41,28.42,77.03,China,2018,CN,156
Surabaya,39.24,8.6,24.46,43.32,18.67,37.58,Indonesia,2018,ID,360
Bogota,38.99,13.86,26.87,31.74,29.55,42.03,Colombia,2018,CO,170
Oradea,38.94,7.42,23.74,32.85,25.94,46.65,Romania,2018,RO,642
Novi Sad,38.9,7.47,23.74,31.2,28.89,48.41,Serbia,2018,RS,688
Casablanca,38.81,16.45,28.02,33.78,28.81,47.32,Morocco,2018,MA,504
Antalya,38.77,7.18,23.53,33.47,29.4,54.45,Turkey,2018,TR,792
Monterrey,38.45,11.52,25.46,35.16,38.06,84.22,Mexico,2018,MX,484
Cuenca,38.41,10.38,24.89,37.19,26.71,43.44,Ecuador,2018,EC,218
Brasov,38.37,9.96,24.67,31.4,33.82,67.91,Romania,2018,RO,642
Ulaanbaatar,38.13,11.34,25.21,37.23,25.59,33.71,Mongolia,2018,MN,496
Medan,37.99,4.71,21.94,41.6,18.35,44.28,Indonesia,2018,ID,360
Colombo,37.72,9.88,24.29,41.98,22.74,27.62,Sri Lanka,2018,LK,144
Bandung,37.68,6.05,22.42,43.19,17.12,33.9,Indonesia,2018,ID,360
Mexico City,37.54,17.84,28.04,34.66,32.65,64.03,Mexico,2018,MX,484
Astana,37.51,14.88,26.6,32.67,38.79,40.49,Kazakhstan,2018,KZ,398
Nis,37.32,5.73,22.09,29.67,30.85,38.68,Serbia,2018,RS,688
Kigali,37.18,11.85,24.96,31.27,27.33,28.22,Rwanda,2018,RW,646
Algiers,37.13,8.61,23.38,38.43,22.86,33.38,Algeria,2018,DZ,012
Arad,36.47,9.22,23.33,30.52,28.55,60.77,Romania,2018,RO,642
Asuncion,36.16,10.71,23.88,30.88,27.65,34.68,Paraguay,2018,PY,600
Kathmandu,36.06,5.83,21.48,33.22,21.92,23.73,Nepal,2018,NP,524
Almaty,36.05,11.72,24.31,28.66,35.51,46.81,Kazakhstan,2018,KZ,398
Medellin,35.87,12.33,24.52,31.73,27.61,29.33,Colombia,2018,CO,170
Cancun,35.58,9.8,23.15,29.93,35.3,61.69,Mexico,2018,MX,484
Minsk,35.3,11.25,23.71,28.55,38.12,43.77,Belarus,2018,BY,112
Gurgaon,34.9,10.96,23.36,32.59,30.88,110.97,India,2018,IN,356
Craiova,34.34,6.84,21.07,28.61,25.41,58.56,Romania,2018,RO,642
Guadalajara,34.19,10.12,22.58,33.15,30.82,71.87,Mexico,2018,MX,484
Tijuana,34.13,10.81,22.88,32.67,32.65,45.26,Mexico,2018,MX,484
Yerevan,34.12,9.37,22.18,27.73,31.77,32.52,Armenia,2018,AM,051
Kampala,34.09,7.59,21.31,28.02,26.64,23.36,Uganda,2018,UG,800
Quezon City,33.93,7.79,21.33,29.54,19.44,29.57,Philippines,2018,PH,608
Hermosillo,33.86,7.29,21.05,30.3,29.75,77.33,Mexico,2018,MX,484
Davao,33.67,6.84,20.73,32.75,16.83,28.86,Philippines,2018,PH,608
Dhaka,33.64,6.83,20.71,31.89,23.54,37.72,Bangladesh,2018,BD,050
Queretaro,33.51,9.52,21.94,33.17,27.96,63.18,Mexico,2018,MX,484
Merida,33.18,7.58,20.83,32.01,26.75,37.23,Mexico,2018,MX,484
Cali,33.04,7.44,20.69,28.79,23.76,39.71,Colombia,2018,CO,170
Puerto Vallarta,32.7,11.52,22.48,32.27,31.03,62.36,Mexico,2018,MX,484
Puebla,32.65,7.22,20.38,28.36,27.84,45.28,Mexico,2018,MX,484
Mumbai,32.59,22.72,27.83,32.94,26.68,73.49,India,2018,IN,356
Noida,32.37,6.56,19.92,33.12,24.04,95.95,India,2018,IN,356
Delhi,32.14,9.74,21.34,30.67,27.54,78.33,India,2018,IN,356
Baku,31.31,9.65,20.86,27.9,32.31,29.19,Azerbaijan,2018,AZ,031
Valenzuela,31.23,3.82,18.01,32.44,12.95,31.9,Philippines,2018,PH,608
Islamabad,30.83,8.79,20.2,28.5,23.5,43.2,Pakistan,2018,PK,586
Bangalore,30.34,9.76,20.41,31.47,20.23,100.26,India,2018,IN,356
Tunis,30.06,7.39,19.13,29.49,18.19,34.32,Tunisia,2018,TN,788
Thane,29.82,9.3,19.92,31.07,21.18,70.55,India,2018,IN,356
Odesa,29.79,10.23,20.36,22.29,24.04,27.73,Ukraine,2018,UA,804
Tbilisi,29.73,10.6,20.5,24.65,29.18,35.61,Georgia,2018,GE,268
Pune,29.66,7.95,19.19,30.75,21.4,99.44,India,2018,IN,356
Lahore,29.53,6.67,18.5,26.83,26.39,51.44,Pakistan,2018,PK,586
Chandigarh,29.04,6.47,18.15,29.4,20.18,68.83,India,2018,IN,356
Ahmedabad,28.67,6.24,17.85,31.42,20.13,73.59,India,2018,IN,356
Surat,28.66,4.69,17.1,31.97,19.84,57.84,India,2018,IN,356
Chennai,28.42,7.12,18.14,31.17,18.26,72.34,India,2018,IN,356
Goa,28.3,8.27,18.64,29.8,22.96,54.55,India,2018,IN,356
Indore,28.06,4.66,16.78,27.74,17.77,50.42,India,2018,IN,356
Kolkata,27.99,7.77,18.24,28.53,23.18,56.3,India,2018,IN,356
Lucknow (Lakhnau),27.55,4.9,16.62,27.25,18.76,76.1,India,2018,IN,356
Kiev,27.52,12.43,20.24,21.96,22.01,37.48,Ukraine,2018,UA,804
Jaipur,27.11,5.19,16.54,27.65,18.48,76.5,India,2018,IN,356
Karachi,27.1,7.46,17.63,25.6,21.62,39.06,Pakistan,2018,PK,586
Hyderabad,26.92,6.89,17.26,27.6,18.93,80.9,India,2018,IN,356
Cairo,26.49,5.43,16.33,23.23,22.55,25.27,Egypt,2018,EG,818
Dnipropetrovsk,26.39,6.63,16.86,20.46,22.74,31.06,Ukraine,2018,UA,804
Nagpur,26.23,4.96,15.97,26.55,18.73,95.19,India,2018,IN,356
Bhopal,26.07,4.13,15.49,22.49,16.21,66.21,India,2018,IN,356
Vadodara,25.59,4.01,15.18,27.85,16.02,80.63,India,2018,IN,356
Mangalore,25.46,5.7,15.93,26.85,16.04,94.53,India,2018,IN,356
Lviv,25.31,8.1,17.01,20.5,17.88,26.88,Ukraine,2018,UA,804
Mysore,25.2,4.01,14.98,29.39,13.31,42.49,India,2018,IN,356
Bhubaneswar,24.89,4.68,15.14,28.22,14.91,57.56,India,2018,IN,356
Kharkiv,24.85,8.29,16.87,19.26,18.44,27.19,Ukraine,2018,UA,804
Visakhapatnam,24.66,4.85,15.11,25.83,18.07,63.97,India,2018,IN,356
Kochi,24.65,6.31,15.8,26.93,13.94,77.7,India,2018,IN,356
Coimbatore,24.61,5.35,15.32,25.23,15.21,53.23,India,2018,IN,356
Alexandria,23.78,4.34,14.4,23.19,17.66,23.75,Egypt,2018,EG,818
Navi Mumbai,23.44,6.25,15.15,24.02,14.14,111.99,India,2018,IN,356
Thiruvananthapuram,20.86,5.1,13.26,21.98,12.06,66.25,India,2018,IN,356
Zurich,149.53,66.76,108.77,163.71,140.58,126.3,Switzerland,2017,CH,756
Hamilton,148.13,117.8,133.2,145.2,152.54,93.42,Bermuda,2017,BM,060
Zug,142.54,67.39,105.54,148.36,143.18,105.62,Switzerland,2017,CH,756
Geneva,142.12,70.25,106.73,147.13,138.96,115.2,Switzerland,2017,CH,756
Basel,142.02,51.54,97.47,149.54,131.72,113.13,Switzerland,2017,CH,756
Bern,135.51,45.33,91.11,145.72,122.48,101.65,Switzerland,2017,CH,756
Lausanne,131.38,54.56,93.56,136.95,127.87,112.33,Switzerland,2017,CH,756
Reykjavik,130.73,55.9,93.89,128.37,140.61,68.49,Iceland,2017,IS,352
Lugano,124.39,51.73,88.62,120.83,127.53,108.92,Switzerland,2017,CH,756
Stavanger,116.98,37.4,77.8,107.72,142.61,101.0,Norway,2017,NO,578
Trondheim,116.02,41.27,79.22,110.1,128.03,93.68,Norway,2017,NO,578
Oslo,114.78,47.99,81.9,111.48,126.2,86.67,Norway,2017,NO,578
Bergen,112.66,39.58,76.68,106.84,117.45,87.68,Norway,2017,NO,578
Nassau,109.58,37.4,74.04,103.09,99.27,43.82,Bahamas,2017,BS,044
Honolulu,103.32,64.98,84.44,121.83,88.49,84.93,United States,2017,US,840
San Francisco,101.94,119.63,110.65,116.73,93.57,104.4,United States,2017,US,840
Anchorage,101.9,41.57,72.2,109.58,88.67,130.22,United States,2017,US,840
Brooklyn,101.06,77.52,89.47,105.51,106.84,82.64,United States,2017,US,840
New York,100.0,100.0,100.0,100.0,100.0,100.0,United States,2017,US,840
Rockville,98.81,61.4,80.39,97.2,71.68,135.58,United States,2017,US,840
Tokyo,97.71,38.68,68.65,107.25,57.87,93.49,Japan,2017,JP,392
Copenhagen,97.14,49.61,73.74,78.25,113.91,93.39,Denmark,2017,DK,208
Washington,95.96,74.32,85.31,96.97,90.78,107.86,United States,2017,US,840
New Haven,94.1,47.09,70.95,112.78,91.54,114.53,United States,2017,US,840
Berkeley,93.86,76.36,85.24,109.86,81.71,87.37,United States,2017,US,840
Seattle,93.31,65.46,79.6,98.17,86.72,121.29,United States,2017,US,840
Arlington,93.17,67.79,80.67,93.16,85.61,117.45,United States,2017,US,840
Aalborg,92.12,25.34,59.24,77.34,104.6,89.9,Denmark,2017,DK,208
Tel Aviv-Yafo,92.09,49.51,71.12,80.75,96.79,93.0,Israel,2017,IL,376
Santa Rosa,91.92,55.04,73.76,97.22,78.7,116.21,United States,2017,US,840
Sydney,91.42,66.35,79.08,88.91,75.94,102.69,Australia,2017,AU,036
Limerick,91.28,24.7,58.5,90.69,80.66,80.06,Ireland,2017,IE,372
Stockholm,91.21,42.98,67.46,87.98,91.35,88.09,Sweden,2017,SE,752
Bellevue,91.18,67.97,79.75,97.99,80.55,138.68,United States,2017,US,840
Perth,91.03,39.98,65.89,89.61,94.19,105.98,Australia,2017,AU,036
Auckland,90.97,44.46,68.07,86.28,77.66,90.77,New Zealand,2017,NZ,554
Oakland,90.73,78.69,84.8,97.63,84.79,91.15,United States,2017,US,840
Jerusalem,90.73,36.74,64.15,75.74,99.24,73.51,Israel,2017,IL,376
Miami,90.68,63.46,77.27,93.95,98.47,89.18,United States,2017,US,840
Boston,90.23,78.41,84.41,93.76,87.59,112.94,United States,2017,US,840
Hamilton,90.22,25.86,58.53,84.08,86.07,122.44,New Zealand,2017,NZ,554
Paris,89.98,45.8,68.23,87.3,88.3,89.07,France,2017,FR,250
Darwin,89.91,45.41,68.0,91.03,95.6,97.2,Australia,2017,AU,036
London,89.34,73.37,81.48,67.7,96.34,77.75,United Kingdom,2017,GB,826
Cairns,88.52,29.28,59.35,87.81,80.18,78.43,Australia,2017,AU,036
Dublin,88.49,54.65,71.83,73.25,91.98,82.09,Ireland,2017,IE,372
Charleston,88.41,48.83,68.92,98.58,78.7,111.13,United States,2017,US,840
Linz,88.39,28.3,58.8,86.61,84.92,81.61,Austria,2017,AT,040
Amsterdam,88.25,51.33,70.07,75.16,92.24,85.23,Netherlands,2017,NL,528
Singapore,88.07,66.99,77.69,81.34,61.4,88.14,Singapore,2017,SG,702
Philadelphia,87.74,49.34,68.83,91.14,80.92,115.92,United States,2017,US,840
Luxembourg,87.43,54.71,71.32,76.46,97.79,104.71,Luxembourg,2017,LU,442
Melbourne,87.34,30.73,59.47,104.43,81.84,136.52,United States,2017,US,840
Helsinki,87.24,39.8,63.88,76.39,92.69,99.09,Finland,2017,FI,246
Burlington,87.21,41.14,64.52,97.28,82.09,95.31,United States,2017,US,840
Arhus,87.12,31.61,59.79,67.21,99.8,102.14,Denmark,2017,DK,208
Lyon,87.04,24.45,56.22,86.32,79.12,85.83,France,2017,FR,250
Beersheba,86.99,18.83,53.43,75.86,84.99,79.89,Israel,2017,IL,376
Tacoma,86.78,36.99,62.26,91.42,75.32,110.13,United States,2017,US,840
Antwerp,86.24,26.63,56.89,79.59,94.81,76.93,Belgium,2017,BE,056
Melbourne,86.11,44.02,65.38,87.3,76.69,111.5,Australia,2017,AU,036
Adelaide,86.08,33.39,60.14,86.53,78.04,105.84,Australia,2017,AU,036
Dusseldorf,85.92,34.53,60.62,70.52,82.69,95.7,Germany,2017,DE,276
Baltimore,85.65,47.62,66.93,91.75,82.5,109.07,United States,2017,US,840
Ramat Gan,85.61,36.47,61.41,73.09,89.45,108.03,Israel,2017,IL,376
Christchurch,85.39,31.18,58.7,83.29,80.42,76.59,New Zealand,2017,NZ,554
Minneapolis,85.38,43.62,64.81,96.04,78.89,115.28,United States,2017,US,840
Boulder,85.34,54.96,70.38,90.71,79.07,130.31,United States,2017,US,840
Gent,85.32,25.28,55.76,77.08,90.47,82.14,Belgium,2017,BE,056
San Jose,85.13,83.63,84.39,90.68,84.04,140.74,United States,2017,US,840
Queens,84.7,63.98,74.5,80.22,88.5,98.73,United States,2017,US,840
St. John's,84.62,21.85,53.71,93.44,81.38,82.76,Canada,2017,CA,124
Brisbane,84.56,42.04,63.62,82.3,80.38,110.56,Australia,2017,AU,036
Portland,84.53,40.28,62.74,91.22,89.26,98.86,United States,2017,US,840
Leuven,84.43,27.78,56.54,85.53,78.74,72.27,Belgium,2017,BE,056
Hobart,84.43,29.67,57.47,85.04,90.66,87.21,Australia,2017,AU,036
Chicago,84.39,56.81,70.81,83.89,83.68,118.59,United States,2017,US,840
Milan,84.32,40.06,62.53,76.95,88.99,61.78,Italy,2017,IT,380
Akron,84.18,21.06,53.1,96.39,66.97,77.07,United States,2017,US,840
Frankfurt,84.17,36.38,60.64,74.43,79.26,98.02,Germany,2017,DE,276
Olympia,84.07,31.38,58.13,92.66,73.7,171.26,United States,2017,US,840
Gothenburg,84.06,29.42,57.16,79.16,89.95,96.41,Sweden,2017,SE,752
Wellington,83.98,36.74,60.72,82.91,75.43,133.6,New Zealand,2017,NZ,554
Hartford,83.7,42.97,63.65,86.3,86.72,101.18,United States,2017,US,840
Florence,83.56,28.68,56.54,73.49,84.31,56.89,Italy,2017,IT,380
Saskatoon,83.15,28.44,56.21,90.72,71.67,83.67,Canada,2017,CA,124
Reading,83.15,39.87,61.84,71.07,93.22,102.32,United Kingdom,2017,GB,826
Allentown,83.1,34.6,59.22,90.72,70.47,93.39,United States,2017,US,840
The Hague (Den Haag),83.07,32.69,58.26,69.21,88.64,94.94,Netherlands,2017,NL,528
Haifa,82.9,21.77,52.8,69.55,90.85,114.85,Israel,2017,IL,376
Aberdeen,82.82,31.71,57.66,70.07,94.86,102.77,United Kingdom,2017,GB,826
Canberra,82.81,43.63,63.52,82.67,80.31,118.74,Australia,2017,AU,036
Irvine,82.79,65.6,74.33,88.68,79.0,126.76,United States,2017,US,840
Sacramento,82.76,43.53,63.45,87.64,75.56,121.89,United States,2017,US,840
Everett,82.76,41.16,62.27,94.42,72.62,100.36,United States,2017,US,840
Brussels,82.68,34.19,58.8,74.25,90.76,86.75,Belgium,2017,BE,056
Fort Collins,82.53,40.78,61.98,95.23,71.33,63.35,United States,2017,US,840
Halifax,82.49,28.13,55.72,89.36,82.37,78.76,Canada,2017,CA,124
Cambridge,82.43,44.13,63.57,69.24,93.5,93.6,United Kingdom,2017,GB,826
Genoa,82.35,20.97,52.13,75.05,78.0,57.0,Italy,2017,IT,380
New Orleans,82.33,41.07,62.01,85.51,84.97,101.33,United States,2017,US,840
Pittsburgh,82.25,39.28,61.09,84.36,74.44,131.51,United States,2017,US,840
Tampere,82.15,26.35,54.67,71.95,87.94,94.02,Finland,2017,FI,246
Los Angeles,82.11,67.55,74.94,82.06,84.13,118.09,United States,2017,US,840
Turku,82.07,25.07,54.0,73.27,86.38,105.86,Finland,2017,FI,246
Hamburg,81.95,31.88,57.3,70.58,71.82,95.78,Germany,2017,DE,276
Orlando,81.87,40.14,61.32,89.93,77.83,117.11,United States,2017,US,840
Portland,81.72,51.94,67.06,85.72,71.25,122.71,United States,2017,US,840
Maastricht,81.71,29.99,56.24,75.19,80.65,90.25,Netherlands,2017,NL,528
Denver,81.71,54.11,68.12,84.5,79.32,129.35,United States,2017,US,840
Saint Paul,81.64,38.14,60.22,88.63,73.01,88.16,United States,2017,US,840
Cork,81.57,36.96,59.61,68.09,86.58,88.99,Ireland,2017,IE,372
Asheville,81.19,36.62,59.25,95.78,69.44,129.28,United States,2017,US,840
Santa Barbara,81.14,70.52,75.91,80.42,86.66,176.22,United States,2017,US,840
Toulouse,81.0,24.76,53.31,78.82,79.73,102.14,France,2017,FR,250
Indianapolis,80.87,30.57,56.1,86.66,76.61,85.5,United States,2017,US,840
Red Deer,80.82,25.67,53.67,79.29,78.42,91.82,Canada,2017,CA,124
Lund,80.82,22.03,51.87,77.83,81.28,102.88,Sweden,2017,SE,752
Lethbridge,80.81,24.26,52.97,82.39,61.44,96.37,Canada,2017,CA,124
Utrecht,80.7,37.98,59.67,68.94,90.5,93.44,Netherlands,2017,NL,528
Jersey City,80.7,68.03,74.46,81.67,78.18,140.69,United States,2017,US,840
Atlanta,80.68,44.2,62.72,86.13,77.17,136.03,United States,2017,US,840
Padova,80.46,21.85,51.6,68.41,80.4,63.35,Italy,2017,IT,380
Munich,80.31,42.45,61.67,67.7,77.84,108.18,Germany,2017,DE,276
Eugene,80.22,31.42,56.19,94.92,67.22,108.26,United States,2017,US,840
Oxford,80.09,51.18,65.86,64.02,79.84,74.67,United Kingdom,2017,GB,826
San Diego,79.89,60.79,70.49,83.15,78.95,129.95,United States,2017,US,840
Cleveland,79.64,30.27,55.33,78.0,79.61,112.89,United States,2017,US,840
West Palm Beach,79.61,44.16,62.16,85.54,78.17,108.9,United States,2017,US,840
Osaka,79.56,24.08,52.25,80.91,44.73,94.8,Japan,2017,JP,392
Detroit,79.5,36.81,58.48,82.7,67.57,124.39,United States,2017,US,840
Jacksonville,79.48,33.71,56.95,86.89,72.29,95.46,United States,2017,US,840
Milwaukee,79.48,33.67,56.93,81.2,75.73,127.22,United States,2017,US,840
Barrie,79.28,26.09,53.09,81.44,76.13,94.54,Canada,2017,CA,124
Hong Kong,79.24,82.67,80.93,83.4,56.3,74.04,Hong Kong,2017,HK,344
Gold Coast,79.24,37.71,58.79,81.07,72.99,110.96,Australia,2017,AU,036
Malmo,79.24,27.11,53.58,76.99,83.08,106.32,Sweden,2017,SE,752
Fayetteville,79.07,22.93,51.43,88.7,67.54,80.29,United States,2017,US,840
Waterloo,79.02,27.85,53.82,80.05,69.05,111.27,Canada,2017,CA,124
Greensboro,78.98,25.26,52.53,90.06,61.02,133.43,United States,2017,US,840
Tampa,78.92,44.51,61.98,85.17,80.01,102.73,United States,2017,US,840
Bergamo,78.83,20.86,50.28,67.3,88.8,73.7,Italy,2017,IT,380
Memphis,78.8,28.82,54.19,84.63,73.14,125.81,United States,2017,US,840
Newcastle,78.76,41.02,60.18,80.92,83.53,119.36,Australia,2017,AU,036
Galway,78.64,32.27,55.81,70.26,78.87,98.66,Ireland,2017,IE,372
Rome,78.6,40.21,59.7,71.13,81.95,59.82,Italy,2017,IT,380
Edinburgh,78.57,32.71,55.99,71.7,79.39,93.93,United Kingdom,2017,GB,826
Plano,78.55,40.22,59.68,78.1,66.46,149.09,United States,2017,US,840
Grand Rapids,78.54,32.68,55.96,82.13,72.53,122.5,United States,2017,US,840
Parma,78.4,22.79,51.02,64.52,93.46,72.13,Italy,2017,IT,380
Saint Petersburg,78.32,41.09,59.99,82.17,79.2,133.67,United States,2017,US,840
Nashville,78.28,46.63,62.69,83.87,74.48,116.83,United States,2017,US,840
Little Rock,78.2,25.58,52.29,90.26,66.91,111.23,United States,2017,US,840
Austin,78.12,51.84,65.18,81.79,77.67,122.65,United States,2017,US,840
Eindhoven,77.8,31.93,55.21,60.84,89.83,101.65,Netherlands,2017,NL,528
Des Moines,77.79,31.89,55.19,92.55,65.1,84.89,United States,2017,US,840
Uppsala,77.78,26.74,52.65,68.2,84.22,98.13,Sweden,2017,SE,752
Fort Lauderdale,77.71,52.75,65.42,79.97,78.35,102.52,United States,2017,US,840
Harrisburg,77.53,26.7,52.5,88.04,66.89,116.75,United States,2017,US,840
Rotterdam,77.47,31.02,54.6,61.07,85.16,97.14,Netherlands,2017,NL,528
Bologna,77.24,24.86,51.45,70.57,81.97,66.96,Italy,2017,IT,380
Fresno,77.15,31.72,54.78,78.07,77.2,131.93,United States,2017,US,840
Syracuse,76.96,28.49,53.09,81.82,65.68,84.89,United States,2017,US,840
Lille,76.74,23.66,50.61,67.3,72.73,83.01,France,2017,FR,250
Coventry,76.71,24.87,51.18,65.03,68.85,106.76,United Kingdom,2017,GB,826
Heidelberg,76.57,34.35,55.78,67.21,67.16,121.62,Germany,2017,DE,276
Nottingham,76.43,23.73,50.48,68.24,73.62,95.28,United Kingdom,2017,GB,826
Victoria,76.43,35.37,56.21,82.8,70.21,100.1,Canada,2017,CA,124
Charlotte,76.42,40.35,58.66,80.07,75.86,99.98,United States,2017,US,840
Richmond,76.27,36.48,56.68,88.48,65.84,110.98,United States,2017,US,840
Buffalo,76.25,29.56,53.27,76.76,74.27,93.86,United States,2017,US,840
York,76.24,27.91,52.44,67.26,83.31,101.79,United Kingdom,2017,GB,826
Trieste,76.2,20.74,48.9,72.81,83.25,80.27,Italy,2017,IT,380
Calgary,76.09,31.82,54.29,76.3,70.71,117.87,Canada,2017,CA,124
Vienna,75.98,31.71,54.19,72.42,70.77,88.36,Austria,2017,AT,040
Brighton,75.98,41.55,59.03,60.75,84.26,76.23,United Kingdom,2017,GB,826
Dayton,75.86,21.14,48.92,87.31,59.68,92.25,United States,2017,US,840
Augusta,75.83,20.52,48.59,83.71,65.58,100.72,United States,2017,US,840
Newark,75.82,37.05,56.73,68.82,85.79,96.8,United States,2017,US,840
Raleigh,75.81,38.07,57.23,87.07,71.67,137.76,United States,2017,US,840
Greenville,75.75,35.94,56.15,85.7,67.11,116.46,United States,2017,US,840
Saint Louis,75.57,30.21,53.24,79.36,71.65,138.13,United States,2017,US,840
Edmonton,75.51,29.15,52.68,77.57,68.17,97.38,Canada,2017,CA,124
Birmingham,75.32,28.16,52.1,78.05,74.72,130.74,United States,2017,US,840
Nantes,75.22,21.77,48.9,69.74,75.54,103.53,France,2017,FR,250
Sliema,75.21,30.56,53.23,68.97,78.48,67.89,Malta,2017,MT,470
Glasgow,75.2,28.24,52.08,64.82,82.93,99.45,United Kingdom,2017,GB,826
Bristol,75.15,37.72,56.72,64.98,85.55,90.65,United Kingdom,2017,GB,826
Norwich,75.1,24.54,50.2,59.03,77.77,77.85,United Kingdom,2017,GB,826
Manchester,75.02,29.34,52.53,64.27,83.63,82.15,United Kingdom,2017,GB,826
Shreveport,75.01,23.88,49.83,83.48,67.61,66.12,United States,2017,US,840
Graz,74.98,22.98,49.38,72.61,62.51,96.54,Austria,2017,AT,040
Houston,74.95,44.18,59.8,79.6,72.1,147.15,United States,2017,US,840
Groningen,74.95,27.45,51.56,64.61,83.66,90.22,Netherlands,2017,NL,528
Durham,74.94,35.04,55.3,82.87,65.67,150.01,United States,2017,US,840
Louisville,74.89,28.35,51.97,87.46,64.14,106.05,United States,2017,US,840
Vancouver,74.67,49.07,62.06,80.43,68.51,81.79,Canada,2017,CA,124
Columbia,74.6,30.07,52.67,84.2,69.25,73.57,United States,2017,US,840
Stuttgart,74.52,31.54,53.36,56.92,72.24,114.35,Germany,2017,DE,276
Tallahassee,74.38,29.79,52.42,86.14,59.97,89.04,United States,2017,US,840
Mississauga,74.34,35.04,54.99,74.52,65.37,90.91,Canada,2017,CA,124
Rochester,74.12,29.85,52.32,80.49,73.53,121.55,United States,2017,US,840
Las Vegas,74.03,30.85,52.77,70.97,77.69,137.36,United States,2017,US,840
San Juan,73.99,28.12,51.4,74.15,67.26,89.06,Puerto Rico,2017,PR,630
Dubai,73.95,71.92,72.95,65.13,65.95,101.67,United Arab Emirates,2017,AE,784
Spokane,73.72,27.02,50.73,77.5,67.93,108.18,United States,2017,US,840
Manchester,73.64,33.62,53.93,81.09,67.9,102.95,United States,2017,US,840
Salem,73.33,29.8,51.89,76.12,73.66,90.58,United States,2017,US,840
Cincinnati,73.22,32.4,53.12,72.84,70.24,108.68,United States,2017,US,840
Kelowna,73.2,32.8,53.31,78.56,67.77,95.08,Canada,2017,CA,124
Fredericton,73.1,18.62,46.28,76.98,70.32,88.24,Canada,2017,CA,124
Tulsa,73.08,29.11,51.43,79.06,65.4,108.64,United States,2017,US,840
Fort Worth,73.02,35.36,54.48,75.47,67.27,138.85,United States,2017,US,840
Regina,73.02,27.15,50.43,76.75,65.63,97.16,Canada,2017,CA,124
Lexington,73.01,27.86,50.78,77.85,64.7,104.85,United States,2017,US,840
Gatineau,72.96,18.66,46.23,80.92,65.61,96.95,Canada,2017,CA,124
Chattanooga,72.94,27.14,50.39,80.35,65.89,116.33,United States,2017,US,840
Montevideo,72.91,20.09,46.9,58.79,74.81,29.29,Uruguay,2017,UY,858
Toronto,72.88,42.64,57.99,69.07,69.34,103.98,Canada,2017,CA,124
Virginia Beach,72.88,37.05,55.24,75.53,69.37,126.81,United States,2017,US,840
Southampton,72.77,31.26,52.33,61.49,76.78,95.25,United Kingdom,2017,GB,826
Nanaimo,72.64,23.36,48.38,81.24,60.16,85.7,Canada,2017,CA,124
Karlsruhe,72.62,24.63,48.99,54.69,78.94,113.65,Germany,2017,DE,276
Wichita,72.56,24.87,49.08,78.53,68.65,94.16,United States,2017,US,840
Columbus,72.48,34.29,53.68,72.85,65.5,127.65,United States,2017,US,840
Bilbao,72.42,28.78,50.93,67.13,72.53,78.55,Spain,2017,ES,724
London,72.36,24.38,48.74,72.67,66.58,94.42,Canada,2017,CA,124
Leeds,72.34,28.02,50.52,63.62,80.12,92.16,United Kingdom,2017,GB,826
Fremont,72.33,71.85,72.09,64.86,76.33,139.47,United States,2017,US,840
Berlin,72.32,30.47,51.71,61.25,59.88,96.65,Germany,2017,DE,276
Bonn,72.23,27.82,50.37,56.55,68.41,98.18,Germany,2017,DE,276
Fort Myers,72.08,30.63,51.67,79.19,64.03,71.17,United States,2017,US,840
Bakersfield,72.08,28.2,50.47,75.73,68.96,110.66,United States,2017,US,840
Sheffield,72.06,24.02,48.41,55.84,82.37,104.15,United Kingdom,2017,GB,826
Naples,71.97,20.33,46.54,70.24,61.38,47.72,Italy,2017,IT,380
Fort Wayne,71.94,21.88,47.29,81.86,68.39,127.49,United States,2017,US,840
Quebec City,71.94,17.78,45.27,76.11,64.92,101.72,Canada,2017,CA,124
Winnipeg,71.85,24.59,48.58,73.05,67.34,91.56,Canada,2017,CA,124
Cologne,71.65,27.81,50.07,55.35,69.27,111.0,Germany,2017,DE,276
Turin,71.63,21.43,46.91,61.23,74.34,73.54,Italy,2017,IT,380
Phoenix,71.45,32.02,52.04,67.59,77.01,122.68,United States,2017,US,840
Ann Arbor,71.41,42.12,56.99,72.37,62.74,152.98,United States,2017,US,840
Vancouver,71.41,32.38,52.19,69.54,67.33,114.44,United States,2017,US,840
Surrey,71.37,29.56,50.79,75.26,65.61,74.38,Canada,2017,CA,124
Guelph,71.22,28.42,50.15,70.26,68.49,96.81,Canada,2017,CA,124
Windsor,71.18,20.12,46.04,66.44,62.45,106.15,Canada,2017,CA,124
Ottawa,71.16,31.28,51.52,68.1,73.36,110.28,Canada,2017,CA,124
Newcastle Upon Tyne,70.97,24.67,48.17,56.47,79.46,105.44,United Kingdom,2017,GB,826
Pensacola,70.9,28.0,49.78,75.85,64.15,116.64,United States,2017,US,840
Kingston,70.82,28.33,49.9,72.66,62.66,86.31,Canada,2017,CA,124
Madison,70.79,37.22,54.26,70.54,69.64,120.06,United States,2017,US,840
Nuremberg,70.68,23.59,47.49,55.33,70.2,120.3,Germany,2017,DE,276
Birmingham,70.65,27.5,49.41,58.41,76.05,95.4,United Kingdom,2017,GB,826
Cardiff,70.64,25.85,48.59,67.39,70.64,95.26,United Kingdom,2017,GB,826
Moncton,70.55,18.32,44.83,71.92,64.2,94.85,Canada,2017,CA,124
Dallas,70.47,38.6,54.78,69.25,68.82,171.08,United States,2017,US,840
Montreal,70.42,24.94,48.03,74.77,65.86,99.17,Canada,2017,CA,124
Palma De Mallorca,70.38,21.48,46.31,62.43,66.72,72.7,Spain,2017,ES,724
Toledo,70.34,21.16,46.13,65.31,59.33,122.39,United States,2017,US,840
Gainesville,70.31,28.09,49.52,74.31,62.58,89.78,United States,2017,US,840
Salt Lake City,70.3,36.53,53.67,70.54,71.5,137.74,United States,2017,US,840
Brescia,70.11,18.17,44.54,60.99,74.19,79.03,Italy,2017,IT,380
Aachen,69.94,22.61,46.63,57.61,64.01,118.22,Germany,2017,DE,276
Kansas City,69.9,29.32,49.92,70.8,64.51,134.67,United States,2017,US,840
Doha,69.87,68.7,69.29,59.25,72.43,97.51,Qatar,2017,QA,634
Marseille,69.73,21.83,46.14,66.57,66.26,94.45,France,2017,FR,250
Mobile,69.53,24.51,47.37,74.84,66.25,123.62,United States,2017,US,840
Albuquerque,69.52,25.16,47.68,72.62,68.17,123.47,United States,2017,US,840
Liverpool,69.35,23.49,46.77,53.69,80.98,98.9,United Kingdom,2017,GB,826
Kingston,69.25,14.56,42.32,73.27,40.14,27.35,Jamaica,2017,JM,388
Belfast,68.51,22.25,45.73,63.53,76.9,96.37,United Kingdom,2017,GB,826
Malta,68.4,23.15,46.12,54.56,69.94,57.76,Malta,2017,MT,470
Dresden,68.2,19.77,44.36,55.23,55.27,107.42,Germany,2017,DE,276
Barcelona,68.0,30.0,49.29,58.54,64.74,70.89,Spain,2017,ES,724
Abu Dhabi,67.76,69.75,68.74,58.86,65.94,124.98,United Arab Emirates,2017,AE,784
Madrid,67.57,30.6,49.37,59.52,65.45,77.35,Spain,2017,ES,724
Oklahoma City,67.35,26.8,47.39,72.88,61.47,127.31,United States,2017,US,840
Bremen,67.22,21.38,44.65,51.25,65.82,128.83,Germany,2017,DE,276
Beirut,67.13,36.7,52.15,51.31,63.74,47.18,Lebanon,2017,LB,422
Knoxville,66.87,29.87,48.65,69.13,65.7,129.1,United States,2017,US,840
Accra,66.86,38.4,52.85,68.33,43.66,13.25,Ghana,2017,GH,288
Leipzig,66.65,19.4,43.39,51.09,60.34,84.79,Germany,2017,DE,276
Boise,66.58,27.45,47.31,67.43,67.32,108.08,United States,2017,US,840
College Station,66.43,32.74,49.84,75.55,59.93,100.41,United States,2017,US,840
Huntsville,66.34,28.5,47.71,70.03,63.59,132.14,United States,2017,US,840
Hamilton,65.63,25.64,45.94,59.21,66.22,103.59,Canada,2017,CA,124
Nicosia,65.45,15.34,40.78,55.82,75.69,80.35,Cyprus,2017,CY,196
Tucson,65.37,23.96,44.98,66.41,65.65,133.7,United States,2017,US,840
Kitchener,64.9,25.68,45.59,61.13,61.39,110.51,Canada,2017,CA,124
Zaragoza (Saragossa),64.59,14.82,40.08,56.0,58.6,67.12,Spain,2017,ES,724
Panama City,64.58,33.31,49.18,68.4,55.38,31.18,Panama,2017,PA,591
San Antonio,64.53,35.59,50.28,64.35,64.45,151.28,United States,2017,US,840
Ljubljana,64.38,18.75,41.91,55.71,52.85,62.86,Slovenia,2017,SI,705
Athens,63.81,24.98,44.69,61.12,69.13,115.33,United States,2017,US,840
Springfield,63.53,18.71,41.46,70.79,59.02,75.0,United States,2017,US,840
Athens,63.17,12.8,38.37,52.05,62.51,46.02,Greece,2017,GR,300
San Jose,62.82,19.37,41.43,66.54,49.73,39.41,Costa Rica,2017,CR,188
Reno,62.75,31.98,47.6,55.85,67.85,97.3,United States,2017,US,840
Sharjah,62.75,29.39,46.32,55.77,43.26,112.18,United Arab Emirates,2017,AE,784
Limassol,62.63,20.2,41.74,52.97,66.19,92.17,Cyprus,2017,CY,196
Heraklion,62.54,10.19,36.77,56.69,56.83,52.8,Greece,2017,GR,300
Thessaloniki,62.2,10.7,36.84,50.66,59.25,44.31,Greece,2017,GR,300
Amman,62.03,14.96,38.85,54.76,58.22,37.1,Jordan,2017,JO,400
Manama,60.68,29.45,45.3,60.98,54.76,75.45,Bahrain,2017,BH,048
Valencia,59.16,18.6,39.19,50.76,57.79,81.71,Spain,2017,ES,724
Buenos Aires,58.82,16.23,37.85,51.48,56.77,50.94,Argentina,2017,AR,032
Rio De Janeiro,58.43,22.74,40.86,47.02,46.86,33.68,Brazil,2017,BR,076
Sao Paulo,58.07,19.93,39.29,46.75,48.63,36.68,Brazil,2017,BR,076
Campinas,57.97,13.69,36.17,46.96,44.39,55.63,Brazil,2017,BR,076
Malaga,57.64,19.29,38.76,47.94,56.68,84.51,Spain,2017,ES,724
Tallinn,57.45,16.11,37.1,44.73,57.92,62.36,Estonia,2017,EE,233
Rijeka,57.26,11.61,34.78,49.86,43.71,42.67,Croatia,2017,HR,191
Split,57.26,13.0,35.47,50.68,51.48,47.32,Croatia,2017,HR,191
Granada,56.89,14.16,35.85,51.56,48.33,79.88,Spain,2017,ES,724
Sevilla,56.49,19.96,38.5,50.08,52.62,73.77,Spain,2017,ES,724
Brasilia,56.14,15.55,36.15,47.68,46.08,37.65,Brazil,2017,BR,076
Shanghai,55.96,37.81,47.02,63.59,39.6,62.84,China,2017,CN,156
Lisbon,55.94,25.08,40.75,46.75,48.16,55.22,Portugal,2017,PT,620
Recife,55.91,12.85,34.71,50.49,41.71,36.38,Brazil,2017,BR,076
Patras,55.85,9.0,32.78,47.11,53.87,58.61,Greece,2017,GR,300
Zagreb,55.84,13.49,34.99,49.38,43.02,58.91,Croatia,2017,HR,191
Cordoba,55.79,10.96,33.72,49.35,49.92,48.99,Argentina,2017,AR,032
Muscat,55.4,28.56,42.19,51.84,56.91,95.7,Oman,2017,OM,512
Irbil,55.36,16.03,36.0,46.87,56.19,39.83,Iraq,2017,IQ,368
Phuket,55.08,13.9,34.81,60.64,26.92,39.72,Thailand,2017,TH,764
Santiago,55.01,16.75,36.17,49.17,51.38,46.27,Chile,2017,CL,152
Makati,54.67,27.34,41.21,59.93,32.23,42.77,Philippines,2017,PH,608
Santa Cruz De Tenerife,54.66,16.62,35.93,46.85,55.47,81.53,Spain,2017,ES,724
Porto Alegre,54.54,13.87,34.52,45.96,41.83,41.31,Brazil,2017,BR,076
Harare,54.52,14.98,35.05,48.17,40.49,21.74,Zimbabwe,2017,ZW,716
Santo Domingo,54.17,12.95,33.88,47.65,49.69,22.44,Dominican Republic,2017,DO,214
Bangkok,54.15,24.69,39.64,63.28,25.35,39.66,Thailand,2017,TH,764
Porto,53.77,18.14,36.23,46.12,42.47,58.5,Portugal,2017,PT,620
Vilnius,53.26,16.51,35.16,42.73,47.01,48.59,Lithuania,2017,LT,440
Riga,52.91,14.18,33.84,42.18,46.74,46.77,Latvia,2017,LV,428
Coimbra,52.59,13.62,33.4,45.69,40.37,64.23,Portugal,2017,PT,620
Tartu,52.4,14.43,33.71,41.83,49.1,66.49,Estonia,2017,EE,233
Bratislava,52.35,20.35,36.59,48.1,39.34,63.59,Slovakia,2017,SK,703
Florianopolis,52.18,14.42,33.59,41.98,42.34,34.58,Brazil,2017,BR,076
Ad Dammam,52.16,12.37,32.57,46.92,32.72,124.08,Saudi Arabia,2017,SA,682
Phnom Penh,51.97,18.94,35.7,57.8,25.1,21.15,Cambodia,2017,KH,116
Jeddah (Jiddah),51.93,15.47,33.98,43.53,32.99,98.53,Saudi Arabia,2017,SA,682
Addis Ababa,51.69,22.52,37.33,46.34,23.65,13.03,Ethiopia,2017,ET,231
Belo Horizonte,51.63,12.91,32.56,42.08,39.34,30.85,Brazil,2017,BR,076
Braga,51.49,12.02,32.06,44.09,35.8,56.79,Portugal,2017,PT,620
Shenzhen,51.44,24.25,38.06,56.04,32.73,72.73,China,2017,CN,156
Baghdad,51.41,15.08,33.52,46.83,43.7,47.2,Iraq,2017,IQ,368
Al Khobar,51.36,15.12,33.51,47.22,33.67,135.53,Saudi Arabia,2017,SA,682
San Salvador,51.19,11.77,31.78,51.25,37.85,24.94,El Salvador,2017,SV,222
Guayaquil,51.17,13.58,32.66,47.48,37.93,31.04,Ecuador,2017,EC,218
Kaunas,51.08,10.52,31.11,41.34,44.05,47.89,Lithuania,2017,LT,440
Curitiba,50.86,12.16,31.81,40.9,41.68,43.74,Brazil,2017,BR,076
Kosice,50.6,15.11,33.13,46.73,30.46,51.54,Slovakia,2017,SK,703
Riyadh,50.38,16.94,33.92,44.23,34.94,113.64,Saudi Arabia,2017,SA,682
Las Palmas,50.18,16.93,33.81,44.24,49.45,72.51,Spain,2017,ES,724
Pretoria,49.89,15.06,32.74,43.49,43.4,90.54,South Africa,2017,ZA,710
Quito,49.84,14.22,32.3,50.57,37.06,29.91,Ecuador,2017,EC,218
Jakarta,49.44,21.74,35.8,55.49,27.68,35.1,Indonesia,2017,ID,360
Petaling Jaya,48.72,12.07,30.67,59.09,22.34,56.2,Malaysia,2017,MY,458
Budapest,48.64,16.13,32.63,39.62,36.0,47.17,Hungary,2017,HU,348
Guatemala City,48.57,16.1,32.58,46.53,37.11,40.26,Guatemala,2017,GT,320
Penang,48.13,10.15,29.43,56.59,25.17,61.43,Malaysia,2017,MY,458
Johannesburg,48.1,19.89,34.21,42.49,44.33,104.97,South Africa,2017,ZA,710
Osijek,47.98,7.17,27.89,41.88,33.68,52.9,Croatia,2017,HR,191
Johor Bahru,47.6,10.59,29.38,60.4,23.05,41.41,Malaysia,2017,MY,458
Chiang Mai,47.5,11.72,29.88,60.84,22.82,28.14,Thailand,2017,TH,764
Beijing,47.47,34.29,40.98,49.34,35.53,75.5,China,2017,CN,156
Istanbul,47.42,15.39,31.65,42.43,35.12,48.69,Turkey,2017,TR,792
Kota Kinabalu,47.02,8.6,28.1,57.47,23.36,38.2,Malaysia,2017,MY,458
Pattaya,47.02,17.05,32.27,53.16,29.3,22.82,Thailand,2017,TH,764
Cape Town,46.95,27.06,37.15,42.24,42.68,78.12,South Africa,2017,ZA,710
Kuala Lumpur,46.67,17.35,32.23,49.88,28.78,68.39,Malaysia,2017,MY,458
Warsaw,46.32,20.42,33.56,37.86,39.58,67.94,Poland,2017,PL,616
Lima,46.2,18.5,32.56,43.24,34.7,35.35,Peru,2017,PE,604
Guangzhou,45.28,18.6,32.14,46.84,28.8,69.15,China,2017,CN,156
Bali,45.08,8.35,27.0,52.25,25.27,25.3,Indonesia,2017,ID,360
Ulaanbaatar,44.95,17.33,31.35,43.45,29.3,29.97,Mongolia,2017,MN,496
Gdansk,44.92,15.1,30.24,35.33,35.43,68.69,Poland,2017,PL,616
Selangor,44.81,10.11,27.72,51.21,20.33,84.16,Malaysia,2017,MY,458
Cuenca,44.51,10.55,27.79,46.4,28.99,33.91,Ecuador,2017,EC,218
Durban,44.5,15.34,30.14,39.04,40.28,83.21,South Africa,2017,ZA,710
Wroclaw,44.39,17.27,31.03,37.03,37.09,58.58,Poland,2017,PL,616
Debrecen,44.35,9.3,27.09,38.71,31.82,38.08,Hungary,2017,HU,348
Nairobi,44.15,13.66,29.13,42.8,35.64,22.27,Kenya,2017,KE,404
Krakow (Cracow),44.1,16.94,30.73,36.13,35.59,67.86,Poland,2017,PL,616
Gdynia,43.79,12.88,28.57,36.82,34.21,63.58,Poland,2017,PL,616
Cebu,43.57,12.09,28.07,45.73,24.44,21.97,Philippines,2017,PH,608
Podgorica,43.48,11.33,27.65,36.48,36.03,43.96,Montenegro,2017,ME,499
Bydgoszcz,43.3,13.75,28.75,35.28,36.28,56.7,Poland,2017,PL,616
Poznan,43.29,14.03,28.88,37.26,35.33,62.53,Poland,2017,PL,616
Ankara,43.18,8.05,25.88,39.63,32.59,52.67,Turkey,2017,TR,792
Rabat,42.62,11.99,27.54,39.14,26.74,36.19,Morocco,2017,MA,504
Manila,42.59,19.46,31.2,40.91,27.72,39.66,Philippines,2017,PH,608
Lodz,42.58,11.96,27.5,34.4,33.61,59.73,Poland,2017,PL,616
Surabaya,42.58,8.85,25.97,49.19,19.25,29.89,Indonesia,2017,ID,360
Bucharest,42.28,12.91,27.82,35.5,38.81,50.74,Romania,2017,RO,642
Szczecin,42.21,11.76,27.21,34.7,32.29,55.8,Poland,2017,PL,616
Kigali,42.06,13.31,27.9,33.99,29.58,24.21,Rwanda,2017,RW,646
Sarajevo,41.89,9.1,25.75,36.48,30.47,42.32,Bosnia and Herzegovina,2017,BA,070
Sofia,41.76,11.55,26.89,37.17,32.5,51.44,Bulgaria,2017,BG,100
Izmir,41.69,8.53,25.36,38.49,29.08,43.99,Turkey,2017,TR,792
Belgrade,41.52,10.99,26.49,31.44,38.05,34.83,Serbia,2017,RS,688
Antalya,41.27,6.96,24.38,36.99,29.47,50.86,Turkey,2017,TR,792
Bursa,41.2,6.77,24.25,36.96,28.29,55.71,Turkey,2017,TR,792
Lublin,41.13,14.2,27.87,33.97,31.92,50.16,Poland,2017,PL,616
Monterrey,40.8,12.23,26.73,38.81,38.31,76.85,Mexico,2017,MX,484
Mexico City,40.77,17.64,29.38,39.0,36.19,54.57,Mexico,2017,MX,484
Katowice,40.31,11.3,26.03,33.87,30.72,74.06,Poland,2017,PL,616
Algiers,40.25,9.26,24.99,42.91,26.67,28.61,Algeria,2017,DZ,012
Varna,40.18,8.13,24.4,36.77,32.69,43.91,Bulgaria,2017,BG,100
Lagos,39.86,18.37,29.28,41.47,20.83,19.04,Nigeria,2017,NG,566
Cluj-napoca,39.79,12.51,26.36,34.83,31.6,50.24,Romania,2017,RO,642
Astana,39.45,16.19,27.99,33.98,41.37,36.81,Kazakhstan,2017,KZ,398
Banja Luka,39.28,6.75,23.26,33.45,27.43,42.4,Bosnia and Herzegovina,2017,BA,070
Casablanca,39.22,14.77,27.18,36.32,26.28,46.84,Morocco,2017,MA,504
Colombo,39.21,11.33,25.48,43.32,23.41,22.62,Sri Lanka,2017,LK,144
Timisoara,38.84,9.89,24.59,33.8,31.98,52.1,Romania,2017,RO,642
Sibiu,38.79,7.97,23.62,33.21,32.16,39.29,Romania,2017,RO,642
Bandung,38.74,5.67,22.46,47.12,17.24,28.7,Indonesia,2017,ID,360
Plovdiv,38.72,6.77,22.99,35.02,29.91,41.87,Bulgaria,2017,BG,100
Tirana,38.65,9.7,24.39,32.47,30.28,32.0,Albania,2017,AL,008
Medan,38.57,4.63,21.86,43.23,20.68,39.89,Indonesia,2017,ID,360
Iasi,38.51,9.31,24.13,32.17,32.57,45.67,Romania,2017,RO,642
Bogota,38.18,13.71,26.14,33.56,27.58,33.71,Colombia,2017,CO,170
Chengdu,38.13,11.22,24.88,36.53,27.48,69.81,China,2017,CN,156
Cancun,38.03,9.82,24.14,31.65,37.58,56.32,Mexico,2017,MX,484
Novi Sad,37.94,6.88,22.65,30.73,27.72,35.97,Serbia,2017,RS,688
Almaty,37.78,12.8,25.48,31.42,37.37,42.26,Kazakhstan,2017,KZ,398
Queretaro,37.59,9.75,23.88,36.97,32.48,53.6,Mexico,2017,MX,484
Brasov,36.88,8.56,22.93,31.56,30.7,59.73,Romania,2017,RO,642
Tijuana,36.87,9.25,23.27,35.46,33.83,43.13,Mexico,2017,MX,484
Dhaka,36.56,6.63,21.82,35.32,25.78,34.68,Bangladesh,2017,BD,050
Merida,36.53,8.27,22.61,37.5,28.53,32.08,Mexico,2017,MX,484
Guadalajara,36.49,8.53,22.72,37.24,32.25,52.24,Mexico,2017,MX,484
Asuncion,36.46,10.55,23.71,32.08,26.31,31.67,Paraguay,2017,PY,600
Kampala,36.4,8.11,22.47,32.58,25.13,19.34,Uganda,2017,UG,800
Yogyakarta,36.17,5.26,20.95,40.1,15.12,29.97,Indonesia,2017,ID,360
Puerto Vallarta,36.15,10.49,23.51,36.4,32.64,53.34,Mexico,2017,MX,484
Minsk,36.11,11.84,24.16,30.07,39.17,34.58,Belarus,2017,BY,112
Yerevan,36.07,9.77,23.12,29.56,32.57,31.13,Armenia,2017,AM,051
Gurgaon,36.05,10.3,23.37,35.31,31.73,98.51,India,2017,IN,356
Puebla,35.58,7.75,21.88,31.68,30.56,43.28,Mexico,2017,MX,484
Arad,35.12,8.38,21.96,30.37,25.3,60.36,Romania,2017,RO,642
Quezon City,35.03,7.21,21.33,32.87,19.64,25.99,Philippines,2017,PH,608
Kathmandu,34.89,4.61,19.98,33.47,19.83,23.2,Nepal,2017,NP,524
Nis,34.55,4.98,19.99,27.09,28.29,34.19,Serbia,2017,RS,688
Medellin,34.3,9.12,21.9,31.56,25.58,29.91,Colombia,2017,CO,170
Islamabad,34.06,9.1,21.77,31.86,23.75,32.41,Pakistan,2017,PK,586
Craiova,33.71,6.0,20.07,28.93,24.15,50.73,Romania,2017,RO,642
Odesa,33.6,10.83,22.39,24.64,28.77,26.62,Ukraine,2017,UA,804
Davao,33.33,6.7,20.22,33.26,16.53,27.93,Philippines,2017,PH,608
Tbilisi,33.12,10.47,21.97,28.09,32.16,26.68,Georgia,2017,GE,268
Mumbai,32.93,22.66,27.88,35.65,23.74,61.47,India,2017,IN,356
Baku,32.77,10.98,22.04,29.42,32.71,25.32,Azerbaijan,2017,AZ,031
Delhi,32.66,9.87,21.44,32.63,25.61,67.67,India,2017,IN,356
Cali,32.41,6.99,19.89,28.66,23.43,36.33,Colombia,2017,CO,170
Noida,32.37,6.98,19.87,33.82,22.36,85.35,India,2017,IN,356
Lahore,32.29,6.0,19.35,28.98,28.36,45.85,Pakistan,2017,PK,586
Ludhiana,31.92,4.32,18.33,32.07,23.12,53.04,India,2017,IN,356
Valenzuela,31.62,3.13,17.59,34.76,14.27,31.17,Philippines,2017,PH,608
Kiev,31.28,13.59,22.57,24.51,24.4,28.42,Ukraine,2017,UA,804
Pune,30.52,7.64,19.26,32.76,21.64,88.48,India,2017,IN,356
Bangalore,30.24,9.41,19.98,32.95,19.57,86.79,India,2017,IN,356
Tunis,29.93,6.51,18.4,28.94,20.42,32.94,Tunisia,2017,TN,788
Thane,29.83,8.51,19.34,31.74,20.03,51.96,India,2017,IN,356
Navi Mumbai,29.41,9.72,19.72,31.29,20.53,73.3,India,2017,IN,356
Karachi,29.11,7.48,18.46,29.16,21.44,35.72,Pakistan,2017,PK,586
Ahmedabad,28.95,6.65,17.97,31.25,21.09,57.06,India,2017,IN,356
Chandigarh,28.94,6.31,17.79,30.74,19.97,64.7,India,2017,IN,356
Chennai,28.78,7.09,18.1,31.45,18.75,71.99,India,2017,IN,356
Goa,28.52,7.57,18.2,30.98,20.94,49.66,India,2017,IN,356
Surat,28.47,4.5,16.67,30.17,21.43,55.55,India,2017,IN,356
Kolkata,28.28,6.97,17.79,29.91,22.74,47.99,India,2017,IN,356
Dnipropetrovsk,28.09,7.13,17.77,22.74,20.69,31.03,Ukraine,2017,UA,804
Lucknow (Lakhnau),28.07,4.6,16.52,29.0,18.03,53.68,India,2017,IN,356
Jaipur,27.92,4.62,16.45,29.81,16.61,65.05,India,2017,IN,356
Kharkiv,27.85,9.94,19.03,22.03,19.26,22.54,Ukraine,2017,UA,804
Vadodara,27.31,3.85,15.76,31.5,16.06,67.23,India,2017,IN,356
Nagpur,27.18,4.86,16.19,29.35,19.34,68.56,India,2017,IN,356
Indore,27.01,4.28,15.82,26.64,16.98,44.2,India,2017,IN,356
Lviv,26.97,8.48,17.87,22.66,17.35,22.69,Ukraine,2017,UA,804
Hyderabad,26.87,6.2,16.69,28.95,17.66,65.47,India,2017,IN,356
Mysore,26.23,4.52,15.54,32.03,13.28,35.53,India,2017,IN,356
Cairo,26.19,5.14,15.83,23.3,22.47,23.96,Egypt,2017,EG,818
Visakhapatnam,25.57,5.14,15.51,28.4,16.13,53.78,India,2017,IN,356
Kochi,25.4,6.18,15.93,28.26,14.41,60.04,India,2017,IN,356
Bhubaneswar,25.24,4.57,15.06,28.87,14.71,52.38,India,2017,IN,356
Coimbatore,24.83,5.61,15.37,26.31,15.29,47.01,India,2017,IN,356
Alexandria,24.54,5.09,14.96,23.5,17.66,21.42,Egypt,2017,EG,818
Mangalore,23.17,5.68,14.56,23.88,12.61,95.97,India,2017,IN,356
Thiruvananthapuram,21.75,5.17,13.59,23.72,12.12,62.76,India,2017,IN,356
Aachen,62.14,22.3,43.38,52.39,56.62,153.14,Germany,2016,DE,276
Aalborg,81.71,23.53,54.31,63.84,95.81,118.42,Denmark,2016,DK,208
Aberdeen,82.12,33.49,59.22,62.94,97.71,124.41,United Kingdom,2016,GB,826
Abu Dhabi,62.74,69.91,66.12,53.59,61.65,134.74,United Arab Emirates,2016,AE,784
Accra,64.16,46.19,55.7,59.38,49.11,15.31,Ghana,2016,GH,288
Ad Dammam,67.75,13.5,42.21,79.66,34.24,108.9,Saudi Arabia,2016,SA,682
Addis Ababa,45.17,21.85,34.19,37.27,23.8,17.63,Ethiopia,2016,ET,231
Adelaide,79.34,33.66,57.83,74.0,78.34,137.87,Australia,2016,AU,036
Ahmedabad,23.99,5.32,15.2,24.59,15.88,72.71,India,2016,IN,356
Akron,86.83,21.98,56.3,94.44,74.23,82.19,United States,2016,US,840
Al Khobar,47.54,15.95,32.67,40.29,33.96,279.02,Saudi Arabia,2016,SA,682
Albany,82.22,33.3,59.19,88.75,73.91,158.04,United States,2016,US,840
Albuquerque,64.46,25.22,45.98,61.95,68.67,138.87,United States,2016,US,840
Alessandria,85.32,9.01,49.39,78.69,76.42,119.38,Italy,2016,IT,380
Algiers,33.92,10.12,22.71,34.02,26.54,41.82,Algeria,2016,DZ,012
Alicante,57.09,15.7,37.6,43.99,49.6,85.68,Spain,2016,ES,724
Allentown,86.59,32.41,61.08,91.75,74.59,82.12,United States,2016,US,840
Almaty,31.03,12.24,22.18,25.15,32.52,50.24,Kazakhstan,2016,KZ,398
Amman,58.61,13.71,37.47,48.76,57.05,46.07,Jordan,2016,JO,400
Amsterdam,79.9,50.82,66.21,63.04,87.52,105.97,Netherlands,2016,NL,528
Anchorage,95.68,43.63,71.17,95.09,86.34,142.68,United States,2016,US,840
Ankara,44.84,9.02,27.97,39.6,33.33,70.6,Turkey,2016,TR,792
Ann Arbor,66.78,41.87,55.05,62.84,62.21,160.88,United States,2016,US,840
Antalya,44.48,7.49,27.06,38.9,34.2,60.66,Turkey,2016,TR,792
Antwerp,79.2,27.41,54.81,70.48,89.04,99.12,Belgium,2016,BE,056
Arad,34.74,8.1,22.2,28.77,26.16,61.51,Romania,2016,RO,642
Arhus,81.83,32.82,58.75,59.12,102.57,122.82,Denmark,2016,DK,208
Arlington,87.48,75.14,81.67,82.12,88.06,116.39,United States,2016,US,840
Asheville,80.21,36.91,59.82,89.02,70.28,143.33,United States,2016,US,840
Astana,31.02,16.27,24.07,23.47,32.11,45.96,Kazakhstan,2016,KZ,398
Asuncion,32.51,9.03,21.45,24.96,26.97,43.43,Paraguay,2016,PY,600
Athens,58.75,12.24,36.85,45.43,64.36,56.39,Greece,2016,GR,300
Atlanta,73.98,40.9,58.4,74.35,68.63,151.56,United States,2016,US,840
Auckland,83.71,45.32,65.63,75.33,74.33,104.64,New Zealand,2016,NZ,554
Austin,69.85,50.56,60.77,66.49,69.41,126.94,United States,2016,US,840
Baghdad,47.87,17.03,33.35,36.71,45.15,63.93,Iraq,2016,IQ,368
Bakersfield,70.52,26.85,49.96,70.77,69.57,142.94,United States,2016,US,840
Baku,29.25,10.84,20.58,24.09,32.12,35.76,Azerbaijan,2016,AZ,031
Bali,39.7,13.57,27.4,42.44,22.62,26.44,Indonesia,2016,ID,360
Baltimore,76.83,49.19,63.81,76.6,77.41,152.44,United States,2016,US,840
Bandung,35.51,7.67,22.4,41.88,15.87,29.78,Indonesia,2016,ID,360
Bangalore,26.23,8.67,17.96,26.86,16.46,103.17,India,2016,IN,356
Bangkok,50.51,25.91,38.93,55.05,26.04,49.86,Thailand,2016,TH,764
Banja Luka,35.66,6.73,22.04,28.4,26.8,55.04,Bosnia and Herzegovina,2016,BA,070
Barcelona,64.25,27.46,46.93,53.25,62.07,92.16,Spain,2016,ES,724
Bari,66.42,15.36,42.38,56.99,60.73,60.91,Italy,2016,IT,380
Barrie,70.65,27.03,50.11,69.04,62.51,132.95,Canada,2016,CA,124
Basel,130.43,49.86,92.49,133.13,120.9,130.14,Switzerland,2016,CH,756
Bath,82.73,41.54,63.33,82.7,76.56,130.75,United Kingdom,2016,GB,826
Beersheba,79.74,18.53,50.92,66.15,77.41,84.54,Israel,2016,IL,376
Beijing,51.84,41.96,47.19,51.41,37.36,67.87,China,2016,CN,156
Beirut,62.26,40.23,51.88,45.48,61.06,60.16,Lebanon,2016,LB,422
Belfast,62.65,23.6,44.26,57.26,70.79,109.29,United Kingdom,2016,GB,826
Belgrade,36.86,10.08,24.25,26.6,32.99,44.06,Serbia,2016,RS,688
Belo Horizonte,46.94,13.22,31.07,37.26,34.83,44.89,Brazil,2016,BR,076
Bergamo,73.26,20.52,48.43,58.0,87.04,89.36,Italy,2016,IT,380
Bergen,105.59,43.49,76.35,94.86,112.63,112.84,Norway,2016,NO,578
Berkeley,88.72,77.46,83.42,96.91,79.12,106.72,United States,2016,US,840
Berlin,65.68,27.97,47.92,52.12,57.43,122.4,Germany,2016,DE,276
Bern,120.3,46.38,85.49,118.18,117.81,144.0,Switzerland,2016,CH,756
Bhopal,25.64,4.35,15.62,21.05,12.76,58.81,India,2016,IN,356
Bhubaneswar,22.44,4.15,13.83,23.27,12.9,65.31,India,2016,IN,356
Bilbao,65.24,27.72,47.58,55.19,69.37,97.83,Spain,2016,ES,724
Birmingham,66.68,27.55,48.26,65.88,69.97,133.32,United States,2016,US,840
Birmingham,68.23,28.54,49.54,56.23,73.46,107.67,United Kingdom,2016,GB,826
Bishkek,33.13,12.12,23.24,28.19,24.69,29.18,Kyrgyzstan,2016,KG,417
Bogota,36.18,14.18,25.82,30.39,26.07,40.46,Colombia,2016,CO,170
Boise,63.0,28.14,46.58,61.74,66.11,115.85,United States,2016,US,840
Bologna,68.94,23.85,47.71,59.31,73.98,98.03,Italy,2016,IT,380
Bolzano-Bozen,82.74,28.07,57.0,77.43,81.57,79.31,Italy,2016,IT,380
Bonn,65.25,28.0,47.71,44.66,68.74,110.13,Germany,2016,DE,276
Boston,82.97,75.84,79.62,81.69,84.74,137.46,United States,2016,US,840
Boulder,77.1,57.75,67.99,69.45,83.69,143.93,United States,2016,US,840
Bournemouth,75.59,33.68,55.85,69.91,74.62,93.27,United Kingdom,2016,GB,826
Braga,46.84,11.82,30.35,36.51,36.23,70.01,Portugal,2016,PT,620
Brasilia,51.46,17.01,35.24,39.84,46.02,59.25,Brazil,2016,BR,076
Brasov,35.57,8.66,22.9,28.37,31.28,59.83,Romania,2016,RO,642
Bratislava,49.31,20.38,35.69,43.62,38.53,74.13,Slovakia,2016,SK,703
Bremen,60.75,21.52,42.28,41.66,65.33,161.8,Germany,2016,DE,276
Brescia,63.1,17.32,41.55,51.82,66.43,102.19,Italy,2016,IT,380
Brighton,78.89,43.23,62.1,66.8,89.47,87.14,United Kingdom,2016,GB,826
Brisbane,78.97,46.68,63.76,71.87,78.81,131.13,Australia,2016,AU,036
Bristol,74.34,37.61,57.04,64.49,83.44,98.9,United Kingdom,2016,GB,826
Brooklyn,87.4,81.03,84.4,83.35,99.09,106.13,United States,2016,US,840
Brussels,77.13,32.58,56.15,66.25,86.92,107.5,Belgium,2016,BE,056
Bucharest,39.34,12.35,26.63,31.2,35.91,54.54,Romania,2016,RO,642
Budapest,44.66,15.0,30.7,34.54,34.59,54.73,Hungary,2016,HU,348
Buenos Aires,58.25,16.83,38.75,46.73,58.47,59.82,Argentina,2016,AR,032
Buffalo,75.67,27.9,53.18,77.05,70.16,120.28,United States,2016,US,840
Burlington,86.69,42.0,65.65,96.42,77.95,127.41,United States,2016,US,840
Bursa,42.73,7.18,25.99,36.99,29.29,73.36,Turkey,2016,TR,792
Bydgoszcz,39.89,12.04,26.77,31.25,36.3,69.55,Poland,2016,PL,616
Cagliari,75.29,21.64,50.03,62.95,76.62,56.64,Italy,2016,IT,380
Cairns,78.5,30.75,56.02,72.96,79.96,87.29,Australia,2016,AU,036
Cairo,35.52,9.33,23.19,31.49,29.98,35.68,Egypt,2016,EG,818
Calgary,75.59,35.69,56.8,74.44,73.66,133.0,Canada,2016,CA,124
Cali,29.41,7.29,18.99,24.06,22.65,35.29,Colombia,2016,CO,170
Cambridge,75.12,43.75,60.35,61.83,85.1,125.5,United Kingdom,2016,GB,826
Campinas,53.12,16.88,36.06,40.43,41.82,57.84,Brazil,2016,BR,076
Canberra,75.97,44.15,60.99,73.4,75.45,164.92,Australia,2016,AU,036
Cancun,37.89,11.22,25.34,30.94,35.53,63.52,Mexico,2016,MX,484
Cape Town,38.15,21.62,30.37,30.92,37.72,107.47,South Africa,2016,ZA,710
Cardiff,67.14,25.7,47.63,57.9,73.25,125.08,United Kingdom,2016,GB,826
Casablanca,37.43,14.72,26.73,33.55,25.22,49.44,Morocco,2016,MA,504
Catania,64.14,14.38,40.71,49.97,59.83,61.72,Italy,2016,IT,380
Cebu,40.88,12.17,27.36,40.22,25.97,27.1,Philippines,2016,PH,608
Chandigarh,25.64,6.46,16.61,25.49,17.68,64.32,India,2016,IN,356
Chania,52.54,8.25,31.68,46.14,49.68,93.7,Greece,2016,GR,300
Charleston,83.18,49.28,67.22,90.43,79.47,140.74,United States,2016,US,840
Charlotte,72.63,40.45,57.47,74.72,67.8,130.42,United States,2016,US,840
Charlottesville,71.78,35.61,54.75,74.22,72.31,107.1,United States,2016,US,840
Chattanooga,74.05,25.84,51.35,80.51,67.4,149.64,United States,2016,US,840
Chengdu,37.72,12.05,25.63,33.12,25.9,85.05,China,2016,CN,156
Chennai,25.77,6.98,16.92,27.37,15.58,83.75,India,2016,IN,356
Chiang Mai,41.05,12.38,27.55,49.58,19.81,33.57,Thailand,2016,TH,764
Chicago,84.14,56.68,71.21,82.67,84.15,128.59,United States,2016,US,840
Christchurch,80.52,33.05,58.17,73.04,85.35,83.5,New Zealand,2016,NZ,554
Cincinnati,70.77,31.67,52.36,64.3,71.51,137.97,United States,2016,US,840
Cleveland,78.52,30.34,55.83,79.98,71.5,116.9,United States,2016,US,840
Cluj-napoca,37.5,11.37,25.19,31.93,29.49,56.3,Romania,2016,RO,642
Coimbatore,23.09,5.43,14.77,23.32,16.35,47.37,India,2016,IN,356
Coimbra,47.34,14.06,31.67,36.82,38.26,75.13,Portugal,2016,PT,620
Cologne,70.37,28.13,50.48,51.58,69.61,115.68,Germany,2016,DE,276
Colombo,36.29,11.71,24.72,40.14,20.95,25.45,Sri Lanka,2016,LK,144
Colorado Springs,72.37,29.11,52.0,66.48,70.68,147.78,United States,2016,US,840
Columbia,70.72,30.62,51.83,77.54,61.79,94.09,United States,2016,US,840
Columbus,70.75,36.67,54.7,69.46,63.62,126.35,United States,2016,US,840
Concepcion,43.02,11.65,28.25,37.39,27.45,84.62,Chile,2016,CL,152
Constanta,38.77,8.29,24.42,32.03,31.44,43.28,Romania,2016,RO,642
Copenhagen,89.01,46.18,68.84,68.8,108.82,115.35,Denmark,2016,DK,208
Cordoba,52.34,11.03,32.89,42.93,45.65,71.7,Argentina,2016,AR,032
Corfu,54.33,8.95,32.96,43.7,60.61,91.36,Greece,2016,GR,300
Cork,75.88,34.98,56.62,64.79,79.56,135.0,Ireland,2016,IE,372
Corpus Christi,81.7,31.17,57.91,82.82,70.79,97.51,United States,2016,US,840
Coventry,66.0,30.74,49.4,52.67,69.83,110.98,United Kingdom,2016,GB,826
Craiova,31.53,5.9,19.46,25.18,23.59,57.37,Romania,2016,RO,642
Cuenca,46.4,12.24,30.31,48.78,27.16,39.79,Ecuador,2016,EC,218
Cuneo,107.11,13.04,62.82,95.07,71.98,103.08,Italy,2016,IT,380
Curitiba,46.88,12.76,30.81,36.32,38.94,51.73,Brazil,2016,BR,076
Dallas,67.64,41.87,55.5,60.87,70.42,172.18,United States,2016,US,840
Darwin,88.44,45.92,68.42,91.04,92.33,121.99,Australia,2016,AU,036
Davao,32.88,5.9,20.18,30.44,15.89,41.02,Philippines,2016,PH,608
Dayton,69.93,22.44,47.57,70.09,61.28,115.75,United States,2016,US,840
Debrecen,41.66,9.82,26.66,34.79,30.25,43.72,Hungary,2016,HU,348
Delhi,27.97,9.78,19.4,25.61,21.82,81.22,India,2016,IN,356
Den Haag,76.09,30.48,54.61,59.41,80.46,127.64,Netherlands,2016,NL,528
Denver,78.76,53.48,66.85,75.14,76.17,126.63,United States,2016,US,840
Derby,66.57,21.69,45.44,53.52,70.82,128.29,United Kingdom,2016,GB,826
Des Moines,76.63,31.16,55.22,85.47,63.94,103.54,United States,2016,US,840
Detroit,74.52,32.58,54.77,73.68,63.64,158.96,United States,2016,US,840
Dhaka,36.29,6.81,22.41,30.64,25.92,40.49,Bangladesh,2016,BD,050
Dnipropetrovsk,26.61,6.93,17.34,19.18,20.71,27.38,Ukraine,2016,UA,804
Doha,66.92,70.42,68.57,53.54,72.68,129.92,Qatar,2016,QA,634
Dresden,60.77,20.0,41.57,45.74,51.84,138.31,Germany,2016,DE,276
Dubai,69.01,76.08,72.34,56.8,64.55,122.84,United Arab Emirates,2016,AE,784
Dublin,82.25,50.65,67.37,66.17,87.55,106.56,Ireland,2016,IE,372
Dundee,64.35,21.21,44.03,55.38,68.21,107.5,United Kingdom,2016,GB,826
Dunedin,76.83,24.25,52.07,70.38,76.8,118.49,New Zealand,2016,NZ,554
Durban,36.79,13.9,26.01,28.94,35.21,106.07,South Africa,2016,ZA,710
Durham,71.3,34.48,53.96,77.38,63.39,185.2,United States,2016,US,840
Dusseldorf,91.99,39.27,67.16,82.97,84.83,108.85,Germany,2016,DE,276
Edinburgh,73.15,31.89,53.72,61.54,80.34,107.1,United Kingdom,2016,GB,826
Edmonton,73.06,30.22,52.89,70.74,70.87,116.49,Canada,2016,CA,124
Eindhoven,70.22,31.41,51.94,53.39,80.14,120.08,Netherlands,2016,NL,528
Espoo,73.62,34.54,55.22,59.83,84.35,116.14,Finland,2016,FI,246
Eugene,71.13,31.01,52.24,77.67,60.37,138.62,United States,2016,US,840
Exeter,70.16,29.44,50.99,57.4,76.53,84.94,United Kingdom,2016,GB,826
Fairfax,82.23,56.2,69.97,77.52,77.73,135.62,United States,2016,US,840
Fayetteville,73.44,21.79,49.12,77.69,66.31,100.23,United States,2016,US,840
Ferrara,112.93,19.02,68.71,104.64,98.57,84.37,Italy,2016,IT,380
Florence,73.74,28.51,52.44,60.99,77.62,72.14,Italy,2016,IT,380
Florianopolis,47.82,14.07,31.93,37.11,40.28,49.19,Brazil,2016,BR,076
Fort Collins,82.96,39.16,62.34,90.86,75.52,88.36,United States,2016,US,840
Fort Lauderdale,74.65,58.79,67.18,73.46,73.78,108.5,United States,2016,US,840
Fort McMurray,85.6,60.99,74.01,90.67,72.95,165.1,Canada,2016,CA,124
Fort Myers,71.36,29.25,51.53,73.98,66.41,94.57,United States,2016,US,840
Fort Worth,71.99,36.37,55.22,71.98,60.74,174.79,United States,2016,US,840
Fortaleza,44.54,10.21,28.37,35.8,29.39,43.52,Brazil,2016,BR,076
Frankfurt,76.25,33.35,56.05,63.88,70.41,131.95,Germany,2016,DE,276
Freiburg Im Breisgau,65.1,28.86,48.04,52.19,59.26,121.77,Germany,2016,DE,276
Fremont,67.92,68.46,68.17,56.81,71.98,182.98,United States,2016,US,840
Fresno,76.02,32.31,55.44,72.13,77.93,105.46,United States,2016,US,840
Gaborone,37.58,12.04,25.55,31.88,30.51,58.17,Botswana,2016,BW,072
Gainesville,69.92,28.26,50.3,67.91,61.78,100.68,United States,2016,US,840
Galway,72.5,30.74,52.84,58.31,76.61,135.52,Ireland,2016,IE,372
Gdansk,39.89,14.11,27.75,28.92,33.25,73.02,Poland,2016,PL,616
Gdynia,38.79,12.38,26.35,30.11,32.09,73.04,Poland,2016,PL,616
Geneva,133.14,76.32,106.39,125.78,134.71,145.3,Switzerland,2016,CH,756
Genoa,75.35,21.5,49.99,67.4,77.26,79.48,Italy,2016,IT,380
Gent,81.51,26.18,55.46,74.51,86.46,95.19,Belgium,2016,BE,056
Glasgow,70.73,27.72,50.48,56.87,84.03,114.54,United Kingdom,2016,GB,826
Goa,25.44,7.8,17.13,24.28,20.63,63.66,India,2016,IN,356
Gold Coast,74.66,37.66,57.24,69.54,70.4,130.71,Australia,2016,AU,036
Gothenburg,75.79,27.38,53.0,68.95,80.16,122.41,Sweden,2016,SE,752
Grand Rapids,74.83,33.36,55.31,75.09,68.1,135.47,United States,2016,US,840
Grande Prairie,88.71,30.07,61.1,91.61,75.4,109.6,Canada,2016,CA,124
Graz,63.95,21.68,44.05,50.22,62.74,130.65,Austria,2016,AT,040
Greensboro,75.71,26.17,52.38,81.29,60.08,169.02,United States,2016,US,840
Greenville,71.16,36.47,54.82,74.86,66.79,146.03,United States,2016,US,840
Grenoble,80.8,23.62,53.87,78.88,73.09,119.61,France,2016,FR,250
Groningen,70.06,27.14,49.85,57.02,76.42,113.35,Netherlands,2016,NL,528
Guadalajara,30.92,7.76,20.01,29.85,26.46,52.5,Mexico,2016,MX,484
Guangzhou,44.77,22.03,34.06,47.2,26.34,75.9,China,2016,CN,156
Guatemala City,43.98,14.56,30.12,39.39,37.1,52.41,Guatemala,2016,GT,320
Guayaquil,48.76,13.25,32.04,43.96,37.23,40.3,Ecuador,2016,EC,218
Guelph,67.01,27.88,48.58,62.84,64.47,100.78,Canada,2016,CA,124
Gurgaon,30.76,9.78,20.88,29.14,26.61,106.17,India,2016,IN,356
Guwahati,23.44,3.81,14.2,25.98,13.61,51.97,India,2016,IN,356
Haifa,74.22,21.13,49.22,59.53,82.73,103.11,Israel,2016,IL,376
Halifax,75.05,26.91,52.38,77.71,74.58,104.39,Canada,2016,CA,124
Hamburg,75.3,32.55,55.17,61.96,65.02,125.7,Germany,2016,DE,276
Hamilton,133.26,112.14,123.32,121.17,138.91,129.67,Bermuda,2016,BM,060
Hamilton,59.9,23.14,42.59,54.54,59.37,151.38,Canada,2016,CA,124
Hamilton,87.27,25.93,58.39,69.73,86.75,121.19,New Zealand,2016,NZ,554
Harare,52.52,15.68,35.17,41.76,43.33,28.42,Zimbabwe,2016,ZW,716
Harrisburg,72.95,25.1,50.42,77.9,64.0,159.64,United States,2016,US,840
Hartford,74.74,40.63,58.68,74.54,82.38,132.22,United States,2016,US,840
Heidelberg,73.04,30.9,53.2,61.24,67.09,151.7,Germany,2016,DE,276
Helsinki,79.71,38.41,60.26,66.84,90.98,118.11,Finland,2016,FI,246
Heraklion,55.99,9.16,33.94,47.38,52.76,86.21,Greece,2016,GR,300
Hobart,79.52,29.52,55.98,74.64,86.37,110.79,Australia,2016,AU,036
Hong Kong,77.69,82.04,79.74,78.36,54.34,91.98,Hong Kong,2016,HK,344
Honolulu,96.55,67.54,82.89,106.08,84.28,89.38,United States,2016,US,840
Houston,70.43,45.8,58.83,66.27,77.05,157.89,United States,2016,US,840
Huntsville,68.67,22.51,46.93,67.61,68.31,142.61,United States,2016,US,840
Hyderabad,23.48,5.85,15.18,24.37,14.33,85.16,India,2016,IN,356
Iasi,34.76,9.75,22.98,27.69,28.27,50.39,Romania,2016,RO,642
Indianapolis,73.72,31.1,53.66,75.48,66.08,97.08,United States,2016,US,840
Indore,23.74,4.12,14.5,22.9,16.29,46.74,India,2016,IN,356
Irbil,57.3,20.32,39.89,41.98,59.79,45.09,Iraq,2016,IQ,368
Irvine,81.99,64.68,73.84,89.37,66.61,143.55,United States,2016,US,840
Islamabad,32.78,9.05,21.61,28.67,23.24,37.44,Pakistan,2016,PK,586
Istanbul,49.65,17.18,34.36,42.28,36.92,58.15,Turkey,2016,TR,792
Izmir,44.18,9.95,28.06,37.8,32.75,61.39,Turkey,2016,TR,792
Jackson,82.76,30.56,58.18,89.37,73.29,126.58,United States,2016,US,840
Jacksonville,72.31,32.84,53.72,72.99,73.37,113.46,United States,2016,US,840
Jaipur,24.81,4.2,15.11,24.46,14.66,81.83,India,2016,IN,356
Jakarta,45.24,24.89,35.66,48.74,25.44,44.09,Indonesia,2016,ID,360
Jeddah (Jiddah),48.98,14.91,32.94,39.64,33.21,122.95,Saudi Arabia,2016,SA,682
Jersey City,74.48,64.37,69.72,72.46,63.17,175.5,United States,2016,US,840
Jerusalem,76.77,30.54,55.0,61.57,82.99,95.44,Israel,2016,IL,376
Johannesburg,41.15,17.29,29.92,33.2,39.22,116.89,South Africa,2016,ZA,710
Johor Bahru,42.39,11.98,28.07,48.59,20.38,63.32,Malaysia,2016,MY,458
Jyvaskyla,71.9,23.35,49.04,59.88,76.64,130.39,Finland,2016,FI,246
Kampala,38.69,7.9,24.19,32.94,26.61,21.56,Uganda,2016,UG,800
Kansas City,67.05,30.23,49.71,65.07,66.85,171.96,United States,2016,US,840
Karachi,28.47,6.58,18.16,26.7,21.11,45.85,Pakistan,2016,PK,586
Karlsruhe,69.52,31.22,51.49,53.36,67.96,119.88,Germany,2016,DE,276
Kathmandu,31.77,4.52,18.94,28.69,18.51,27.1,Nepal,2016,NP,524
Katowice,36.61,10.89,24.5,29.0,29.95,80.1,Poland,2016,PL,616
Kaunas,46.3,10.24,29.32,34.83,40.08,53.56,Lithuania,2016,LT,440
Kelowna,64.99,30.58,48.79,62.44,66.14,121.53,Canada,2016,CA,124
Kharkiv,26.11,9.97,18.51,19.64,18.84,25.15,Ukraine,2016,UA,804
Kiev,28.61,13.17,21.34,21.46,23.53,31.96,Ukraine,2016,UA,804
Kigali,39.42,13.02,26.99,31.09,29.46,28.74,Rwanda,2016,RW,646
Kingston,66.85,27.83,48.48,65.65,65.24,110.89,Canada,2016,CA,124
Kingston,63.66,16.55,41.48,60.81,38.32,36.87,Jamaica,2016,JM,388
Kitchener,61.97,25.18,44.64,55.13,65.77,144.9,Canada,2016,CA,124
Knoxville,69.65,30.72,51.32,75.3,64.71,126.93,United States,2016,US,840
Kochi,22.82,5.09,14.47,24.31,12.76,82.94,India,2016,IN,356
Kolkata,25.45,6.52,16.53,25.24,19.41,65.22,India,2016,IN,356
Kosice,46.63,15.23,31.85,42.05,30.58,61.01,Slovakia,2016,SK,703
Kota Kinabalu,49.08,8.46,29.96,52.52,24.77,59.29,Malaysia,2016,MY,458
Krakow (Cracow),39.16,15.9,28.21,30.8,32.09,76.03,Poland,2016,PL,616
Kuala Lumpur,44.07,18.08,31.84,45.41,25.25,90.73,Malaysia,2016,MY,458
Kuching,45.0,7.68,27.43,48.13,19.07,38.98,Malaysia,2016,MY,458
Kuwait City,87.32,39.68,64.89,103.43,48.51,103.31,Kuwait,2016,KW,414
Lagos,36.49,20.27,28.85,31.65,25.2,33.87,Nigeria,2016,NG,566
Lahore,31.54,6.2,19.61,27.54,27.57,45.61,Pakistan,2016,PK,586
Las Vegas,78.6,31.13,56.25,72.68,82.27,120.33,United States,2016,US,840
Lausanne,121.14,55.15,90.07,117.69,122.09,138.76,Switzerland,2016,CH,756
Leeds,66.66,26.81,47.9,56.89,72.55,114.75,United Kingdom,2016,GB,826
Leicester,74.74,22.18,49.99,61.21,91.08,99.04,United Kingdom,2016,GB,826
Leiden,70.38,30.08,51.4,54.08,83.14,125.85,Netherlands,2016,NL,528
Leipzig,65.49,18.67,43.44,50.9,61.98,91.45,Germany,2016,DE,276
Leuven,79.98,27.04,55.06,78.84,77.48,89.13,Belgium,2016,BE,056
Lexington,77.84,28.84,54.76,80.13,69.29,117.49,United States,2016,US,840
Lille,73.7,24.51,50.54,64.51,71.35,104.83,France,2016,FR,250
Lima,40.65,18.27,30.11,35.88,27.95,50.49,Peru,2016,PE,604
Limassol,57.89,16.9,38.59,45.02,66.97,101.9,Cyprus,2016,CY,196
Limerick,88.14,22.25,57.11,83.24,77.72,104.15,Ireland,2016,IE,372
Linz,80.37,28.29,55.85,75.05,78.92,100.03,Austria,2016,AT,040
Lisbon,51.65,21.87,37.62,41.09,45.85,68.2,Portugal,2016,PT,620
Little Rock,71.4,27.29,50.63,77.12,63.25,134.28,United States,2016,US,840
Liverpool,70.45,24.19,48.67,61.05,69.31,106.67,United Kingdom,2016,GB,826
Livorno,85.48,27.72,58.28,78.76,90.21,84.92,Italy,2016,IT,380
Ljubljana,57.08,18.04,38.7,46.87,48.35,79.95,Slovenia,2016,SI,705
Lodz,37.0,12.15,25.3,28.6,31.88,65.54,Poland,2016,PL,616
London,69.28,23.59,47.77,69.51,64.44,114.87,Canada,2016,CA,124
London,85.11,77.31,81.44,61.25,94.63,87.57,United Kingdom,2016,GB,826
Los Angeles,78.66,66.99,73.16,75.12,81.92,123.61,United States,2016,US,840
Louisville,73.37,28.13,52.07,82.03,61.41,122.48,United States,2016,US,840
Luanda,136.66,160.95,148.1,123.9,104.49,24.93,Angola,2016,AO,024
Lublin,36.08,13.19,25.3,27.54,26.62,68.6,Poland,2016,PL,616
Lucknow (Lakhnau),26.25,4.95,16.22,26.66,15.74,58.91,India,2016,IN,356
Ludhiana,27.02,4.32,16.33,24.93,20.43,65.71,India,2016,IN,356
Lugano,118.99,50.22,86.61,111.31,127.67,141.45,Switzerland,2016,CH,756
Lusaka,52.59,30.84,42.35,38.43,33.48,125.86,Zambia,2016,ZM,894
Luxembourg,80.99,51.47,67.09,61.68,100.81,148.47,Luxembourg,2016,LU,442
Lviv,24.48,8.66,17.03,19.63,15.41,24.75,Ukraine,2016,UA,804
Lyon,80.9,23.76,54.0,75.57,76.21,106.72,France,2016,FR,250
Maastricht,73.37,30.33,53.1,58.37,77.9,112.76,Netherlands,2016,NL,528
Madison,67.64,38.03,53.7,65.62,64.57,137.47,United States,2016,US,840
Madrid,61.48,28.83,46.11,48.78,63.21,89.26,Spain,2016,ES,724
Madurai,21.45,4.34,13.39,21.23,12.18,75.68,India,2016,IN,356
Makati,48.43,32.65,41.0,44.59,29.54,41.75,Philippines,2016,PH,608
Malaga,51.66,17.54,35.6,42.24,47.11,108.71,Spain,2016,ES,724
Male,60.28,32.02,46.97,58.34,43.27,31.83,Maldives,2016,MV,462
Malmo,72.16,27.69,51.22,68.19,73.3,129.25,Sweden,2016,SE,752
Manama,53.9,33.35,44.22,48.46,53.36,109.42,Bahrain,2016,BH,048
Manchester,69.41,30.39,51.04,55.72,76.98,110.15,United Kingdom,2016,GB,826
Mangalore,21.88,5.15,14.0,21.21,12.71,114.63,India,2016,IN,356
Manila,41.96,15.95,29.71,38.5,26.07,46.8,Philippines,2016,PH,608
Mannheim,68.69,20.37,45.94,49.25,70.9,174.8,Germany,2016,DE,276
Maputo,30.67,15.02,23.3,22.47,32.34,41.74,Mozambique,2016,MZ,508
Maribor,48.91,10.62,30.88,40.48,38.32,88.37,Slovenia,2016,SI,705
Marseille,65.07,22.26,44.91,57.97,68.76,111.98,France,2016,FR,250
Medellin,32.14,7.92,20.74,28.48,22.24,42.71,Colombia,2016,CO,170
Melbourne,78.04,44.15,62.08,72.32,74.05,142.32,Australia,2016,AU,036
Melbourne,79.88,29.47,56.14,92.03,68.69,113.14,United States,2016,US,840
Memphis,71.62,30.76,52.38,73.9,68.95,131.57,United States,2016,US,840
Merida,33.13,8.07,21.33,31.42,26.42,41.07,Mexico,2016,MX,484
Mexico City,37.2,17.69,28.02,33.82,33.78,59.81,Mexico,2016,MX,484
Miami,80.67,58.92,70.43,77.1,85.97,107.88,United States,2016,US,840
Milan,76.2,39.25,58.8,65.34,85.11,86.71,Italy,2016,IT,380
Milton Keynes,74.22,38.87,57.57,65.5,73.56,98.35,United Kingdom,2016,GB,826
Milwaukee,72.63,32.67,53.81,71.81,74.69,133.67,United States,2016,US,840
Minneapolis,80.8,41.67,62.37,87.79,69.4,126.76,United States,2016,US,840
Minsk,33.93,13.09,24.12,27.39,37.85,39.74,Belarus,2016,BY,112
Mississauga,72.19,34.73,54.55,67.78,64.47,100.19,Canada,2016,CA,124
Mobile,65.23,24.49,46.05,64.72,64.21,157.92,United States,2016,US,840
Modena,71.67,18.72,46.74,63.5,73.13,78.6,Italy,2016,IT,380
Moncton,63.78,18.84,42.62,62.8,62.73,115.26,Canada,2016,CA,124
Monterrey,35.9,12.61,24.93,33.47,32.04,117.66,Mexico,2016,MX,484
Montevideo,63.19,18.33,42.07,51.34,57.05,40.27,Uruguay,2016,UY,858
Montpellier,76.06,23.77,51.44,72.05,65.07,86.73,France,2016,FR,250
Montreal,67.01,24.8,47.13,67.36,64.86,118.69,Canada,2016,CA,124
Mumbai,28.82,20.86,25.07,29.16,21.56,69.56,India,2016,IN,356
Munich,74.49,40.83,58.64,59.13,74.58,134.46,Germany,2016,DE,276
Muscat,51.63,31.43,42.12,46.52,57.25,137.14,Oman,2016,OM,512
Mysore,25.37,4.43,15.51,30.65,11.84,39.28,India,2016,IN,356
Nagpur,23.09,4.22,14.2,24.32,16.84,69.95,India,2016,IN,356
Nairobi,42.39,16.82,30.35,37.45,33.59,29.12,Kenya,2016,KE,404
Nantes,68.39,21.37,46.25,57.62,72.59,131.19,France,2016,FR,250
Naples,67.86,22.27,46.39,63.45,62.34,50.74,Italy,2016,IT,380
Nashville,71.35,45.0,58.94,71.16,71.59,148.72,United States,2016,US,840
Nasik,24.2,5.68,15.48,24.58,15.92,66.11,India,2016,IN,356
Nassau,99.74,38.38,70.84,92.09,96.24,43.77,Bahamas,2016,BS,044
Navi Mumbai,25.7,9.39,18.02,25.27,20.83,92.33,India,2016,IN,356
New Haven,90.72,49.07,71.11,102.15,97.55,142.42,United States,2016,US,840
New Orleans,75.6,39.48,58.6,73.77,76.65,96.19,United States,2016,US,840
New York,100.0,100.0,100.0,100.0,100.0,100.0,United States,2016,US,840
Newark,69.12,35.57,53.32,58.79,79.41,144.2,United States,2016,US,840
Newcastle Upon Tyne,67.1,26.01,47.76,52.29,76.27,118.25,United Kingdom,2016,GB,826
Newcastle,76.56,42.79,60.66,76.51,79.19,141.59,Australia,2016,AU,036
Nice,76.92,29.46,54.57,62.82,89.45,108.31,France,2016,FR,250
Nicosia,63.86,15.61,41.14,54.78,69.9,84.54,Cyprus,2016,CY,196
Nis,30.12,5.1,18.34,22.44,24.51,42.68,Serbia,2016,RS,688
Noida,27.14,6.67,17.5,27.25,19.74,100.67,India,2016,IN,356
Norfolk,81.77,40.09,62.14,92.2,75.85,87.12,United States,2016,US,840
Northampton,67.16,26.85,48.18,59.6,74.13,110.82,United Kingdom,2016,GB,826
Norwich,73.42,26.57,51.36,56.0,81.17,100.54,United Kingdom,2016,GB,826
Nottingham,66.88,24.43,46.89,60.24,64.43,134.58,United Kingdom,2016,GB,826
Novi Sad,34.67,6.33,21.33,25.67,28.26,49.15,Serbia,2016,RS,688
Nuremberg,66.71,23.07,46.16,50.43,69.84,151.41,Germany,2016,DE,276
Oakland,88.33,76.78,82.89,93.02,87.52,107.49,United States,2016,US,840
Odense,81.68,20.66,52.95,62.39,101.25,145.62,Denmark,2016,DK,208
Odesa,28.43,8.39,18.99,19.73,28.55,36.44,Ukraine,2016,UA,804
Oklahoma City,63.42,28.1,46.79,67.05,59.47,138.82,United States,2016,US,840
Oradea,35.67,6.15,21.77,29.4,24.03,47.22,Romania,2016,RO,642
Orlando,76.94,39.23,59.18,82.48,73.06,123.06,United States,2016,US,840
Osaka,78.5,23.56,52.63,81.27,42.93,105.08,Japan,2016,JP,392
Oshawa,77.63,28.28,54.39,82.06,65.3,81.32,Canada,2016,CA,124
Osijek,45.57,7.0,27.41,37.77,30.61,59.82,Croatia,2016,HR,191
Oslo,102.27,45.92,75.74,88.48,120.76,113.31,Norway,2016,NO,578
Ottawa,67.78,30.36,50.16,62.92,72.53,126.53,Canada,2016,CA,124
Oulu,73.18,22.85,49.48,60.02,82.99,127.92,Finland,2016,FI,246
Oxford,74.14,52.2,63.81,61.12,78.25,101.95,United Kingdom,2016,GB,826
Padova,72.54,22.24,48.86,59.31,74.26,73.55,Italy,2016,IT,380
Palermo,65.23,15.41,41.77,59.1,60.06,66.33,Italy,2016,IT,380
Palma De Mallorca,59.44,20.26,40.99,48.62,57.3,90.69,Spain,2016,ES,724
Panama City,60.57,37.97,49.93,59.96,59.04,39.95,Panama,2016,PA,591
Paphos,62.58,11.6,38.57,47.7,67.38,75.75,Cyprus,2016,CY,196
Paris,84.34,45.94,66.26,78.45,83.85,100.24,France,2016,FR,250
Parma,72.7,24.11,49.82,59.17,84.74,88.43,Italy,2016,IT,380
Patras,51.47,9.37,31.64,38.95,55.92,81.62,Greece,2016,GR,300
Pattaya,44.03,16.9,31.26,48.06,25.41,26.63,Thailand,2016,TH,764
Penang,45.86,9.53,28.75,50.78,23.44,77.63,Malaysia,2016,MY,458
Pensacola,69.3,29.13,50.38,71.68,63.45,117.75,United States,2016,US,840
Perth,86.87,42.75,66.09,80.75,93.7,132.36,Australia,2016,AU,036
Perugia,107.95,19.09,66.11,93.23,99.18,72.88,Italy,2016,IT,380
Philadelphia,82.94,50.64,67.73,84.09,77.52,114.4,United States,2016,US,840
Phnom Penh,49.38,21.65,36.32,52.83,22.51,21.55,Cambodia,2016,KH,116
Phoenix,67.93,32.05,51.03,62.73,68.76,168.86,United States,2016,US,840
Phuket,48.57,14.09,32.33,52.91,25.38,47.61,Thailand,2016,TH,764
Pisa,74.09,23.82,50.42,64.27,83.15,56.04,Italy,2016,IT,380
Pittsburgh,79.94,36.4,59.44,80.09,73.36,161.24,United States,2016,US,840
Plano,73.5,39.0,57.25,66.76,62.84,183.54,United States,2016,US,840
Playa del Carmen,34.14,13.14,24.25,31.77,27.04,48.67,Mexico,2016,MX,484
Plovdiv,36.18,7.42,22.64,30.48,29.79,48.3,Bulgaria,2016,BG,100
Plymouth,65.83,24.38,46.32,53.53,72.42,133.0,United Kingdom,2016,GB,826
Podgorica,40.22,12.56,27.2,30.82,36.28,52.54,Montenegro,2016,ME,499
Port Elizabeth,38.69,12.09,26.17,34.19,32.94,79.84,South Africa,2016,ZA,710
Portland,78.25,38.41,59.49,76.91,87.2,98.56,United States,2016,US,840
Portland,81.19,51.25,67.09,82.36,75.97,119.29,United States,2016,US,840
Porto Alegre,49.84,13.36,32.66,38.76,41.31,51.62,Brazil,2016,BR,076
Porto,49.26,16.26,33.72,38.58,40.05,72.67,Portugal,2016,PT,620
Portsmouth,71.27,31.47,52.53,56.3,68.27,101.97,United Kingdom,2016,GB,826
Poznan,39.11,13.39,27.0,32.09,33.42,69.07,Poland,2016,PL,616
Pretoria,39.47,13.31,27.15,31.66,35.0,126.19,South Africa,2016,ZA,710
Providence,82.49,36.64,60.9,78.06,85.2,92.38,United States,2016,US,840
Puerto Vallarta,33.24,10.96,22.74,30.52,29.72,211.17,Mexico,2016,MX,484
Pula,52.33,9.22,32.03,44.04,43.26,56.89,Croatia,2016,HR,191
Pune,25.58,7.44,17.04,26.15,17.7,116.27,India,2016,IN,356
Quebec City,68.16,19.34,45.17,68.12,61.18,108.46,Canada,2016,CA,124
Queens,83.86,56.16,70.82,82.2,81.7,135.22,United States,2016,US,840
Queretaro,34.81,9.74,23.01,33.68,26.73,84.13,Mexico,2016,MX,484
Quezon City,35.97,8.25,22.92,32.2,20.94,44.25,Philippines,2016,PH,608
Quito,46.2,15.38,31.69,43.43,34.86,39.61,Ecuador,2016,EC,218
Rabat,39.42,12.41,26.7,33.71,26.2,41.95,Morocco,2016,MA,504
Raleigh,69.51,34.68,53.11,71.61,67.9,166.71,United States,2016,US,840
Ramat Gan,81.18,30.86,57.49,67.72,87.36,91.46,Israel,2016,IL,376
Reading,71.67,40.28,56.89,53.81,82.06,103.0,United Kingdom,2016,GB,826
Recife,50.25,13.65,33.02,42.1,34.71,41.76,Brazil,2016,BR,076
Red Deer,74.37,27.38,52.24,69.18,71.19,99.54,Canada,2016,CA,124
Regina,72.51,29.22,52.13,71.65,71.08,127.65,Canada,2016,CA,124
Rennes,74.7,20.34,49.1,71.57,68.89,129.21,France,2016,FR,250
Reno,60.96,29.86,46.32,52.83,66.35,119.61,United States,2016,US,840
Reykjavik,104.95,47.4,77.85,97.16,111.95,84.48,Iceland,2016,IS,352
Riga,49.57,13.26,32.47,36.19,45.09,56.92,Latvia,2016,LV,428
Rijeka,52.19,11.61,33.08,42.58,41.16,54.98,Croatia,2016,HR,191
Rio De Janeiro,56.26,23.99,41.06,39.84,50.61,46.38,Brazil,2016,BR,076
Riverside,72.63,40.47,57.49,70.53,69.42,144.03,United States,2016,US,840
Riyadh,47.79,16.43,33.02,39.02,32.66,175.47,Saudi Arabia,2016,SA,682
